"","variety","treatment","plot","plantArea_0727","plantArea_0802","plantArea_0810","plantArea_0816","plantArea_0817","plantArea_0818","plantArea_0822","plantArea_0824","plantArea_0825","plantArea_0829","plantArea_0831","plantArea_0903","plantArea_0904"
"W1-001","GmWMC152","W1",1,69,67,233,526.25,600.25,596.5,1243,1114.25,1262.5,1672.75,1673.5,1877,1812.25
"W1-002","GmJMC008","W1",2,51.25,47,130.75,220.75,203.5,175.5,482.25,325.5,381,241,389.5,422.75,421.75
"W1-003","Tachiutaka","W1",3,57.25,42.5,173,396.5,444.75,431.5,1015,811.25,923.5,1079,1152,1350.25,1381.75
"W1-004","GmWMC185","W1",4,84,72.75,330.75,486,611.75,668.5,1302.5,1142.5,1191,1625.75,1708,1893.5,1737
"W1-005","GmJMC110","W1",5,100,128.25,473.25,614.5,793,848.75,1531,1387.25,1530,1901,2060.5,2207,1938.5
"W1-006","GmJMC053","W1",6,43.75,41,149,444.25,466,507,1253.25,924.25,1101.5,1444,1365,1606.75,1517.5
"W1-007","GmWMC035","W1",7,67.5,67.25,213.25,400,499.5,536.5,1291.75,936,1022.75,1306.5,1363.25,1481,1417
"W1-008","GmJMC059","W1",8,78.5,64.5,282.5,480.5,572.75,651.5,1432.5,1142.5,1160.5,1678,1605.5,1758.5,1672.75
"W1-009","GmWMC006","W1",9,72.25,73,237,501,590.5,592.75,1203.75,806.25,1035.75,1097.5,1153.5,1261.25,1148.5
"W1-010","GmJMC005","W1",10,112,106,278,467.25,545.25,560.5,939.5,762.5,847.75,1028.25,998.25,1065.5,1069.75
"W1-011","C1322","W1",11,88,80.75,323.5,557.25,679.75,724,1263.5,1144,1203.25,1350.75,1587.5,1683.5,1604.5
"W1-012","GmJMC068","W1",12,57.5,79.25,240.75,438.5,525.75,575,1147,1034.25,1171.75,1314.5,1545.25,1797,1681.5
"W1-013","GmJMC017","W1",13,84.25,73.75,236.5,415.25,459,547,1101,883,938,1234.75,1265.5,1492.5,1355.5
"W1-014","GmJMC052","W1",14,57.25,47,157.5,362.25,330.75,377,977.5,641.5,781.25,991.5,944.25,1011.5,969
"W1-015","GmWMC036","W1",15,32.5,33,108.75,206.25,224,270.25,664.25,430,480.75,637.75,667.25,826.5,748.5
"W1-016","GmJMC077","W1",16,96,105,393.5,634.25,794.25,866.75,1716,1288.5,1404,1895.5,1752.5,1945.5,1910.75
"W1-017","GmWMC164","W1",17,75,80.5,322,462,572.5,598,1216,1028.75,1182.75,1293.5,1560.25,1914.75,1799.5
"W1-018","GmWMC072","W1",18,74.75,75,182,391,465.75,472.25,1084.25,958.25,1084,1154.75,1434.25,1669,1495.75
"W1-019","GmWMC086","W1",19,96.25,71.75,153.5,433,424.75,481,1060.75,707.25,771.75,764.75,861,965,933.5
"W1-020","GmJMC009","W1",20,98.5,90,191.5,480.5,474.5,503.25,1008,711.75,779.5,1024.25,947.75,1143,1140.75
"W1-021","GmWMC148","W1",21,87.5,75.25,123,384,398.25,417,937.5,793.25,856,991,1225.25,1399.25,1349.5
"W1-022","GmWMC094","W1",22,91,56.25,114.75,391.5,319.25,337,989,738,907.75,990.75,1220.25,1522.5,1477.25
"W1-023","GmWMC135","W1",23,96.75,74.75,305.75,627,757.5,783.25,1631,1399.25,1408.25,1823.25,1916,2104.5,2000.5
"W1-024","GmJMC025","W1",24,80,75,299.25,656.75,761,798.25,1602.5,1158,1294,1908.25,1510.25,1578.5,1570.5
"W1-025","GmJMC061","W1",25,100,75.5,228.75,431,515,548.25,1323.5,948.75,1033.25,1321.5,1290.75,1452,1331.5
"W1-026","GmJMC133","W1",26,116,56,162,495.5,511.5,582,1487,928.5,1065,1372,1618,2152.5,1997.5
"W1-027","GmJMC111","W1",27,125.25,97.75,290.5,513,621.5,692.75,1655.75,1219,1396.5,1644.5,1754,2008.75,1886.25
"W1-028","GmWMC138","W1",28,53.25,47.75,124.5,317,362,418.25,928.75,685.75,777.5,1128.75,1102.25,1330.75,1241
"W1-029","GmJMC034","W1",29,68.25,114.75,405,605.75,709.5,822,1493.5,1085.75,1105.75,1618.5,1264.75,1385.25,1308.25
"W1-030","GmWMC084","W1",30,39.5,48,159.25,357.75,402.5,411.75,889.5,589.25,654,1143.25,858,963.5,871.75
"W1-031","GmWMC024","W1",31,52.5,52.5,211.75,495.25,537.5,565.75,1254.25,881.25,965.75,1435.5,1193,1307.75,1247
"W1-032","GmJMC049","W1",32,41,38,81.75,321,307,325.25,1131.75,692,767.25,1312.25,1107.75,1341,1420
"W1-033","GmWMC165","W1",33,29.75,33.25,146,414.75,446.5,506,1235,829.5,937.25,1350,1301,1562.25,1497.25
"W1-034","GmWMC176","W1",34,44,39,178.5,420.25,456.75,543.75,1117,786,885.25,1162.5,1119.75,1341.5,1305
"W1-035","GmWMC189","W1",35,25.5,19.5,62,180.75,180.75,185,615,403,435,325.25,695.25,854.75,787.75
"W1-036","GmJMC090","W1",36,NA,NA,NA,NA,NA,NA,NA,NA,NA,NA,NA,NA,NA
"W1-037","GmWMC014","W1",37,82,150,336.5,507,649.5,758.5,1451,1069.5,1214,1518,1489,1700,1638.5
"W1-038","GmWMC146","W1",38,36.5,32.5,237.25,386.5,446.25,495,1024.25,884.75,934,1204.75,1236.25,1456,1430.5
"W1-039","GmJMC099","W1",39,58.5,48.5,121.75,320,291.75,319,971.75,677.75,784.75,1215.75,1290.5,1543,1607.25
"W1-040","GmWMC103","W1",40,60.5,57,134.25,282.5,301.25,317.25,762.5,527.25,563.5,719.75,691.75,763.5,696.25
"W1-041","GmJMC013","W1",41,34.75,37.75,81.75,235.25,237,231.75,843.5,544.5,639.25,913.75,913.75,1059.25,1044.75
"W1-042","GmWMC143","W1",42,98.5,78,263,803.5,833.5,913,2428,1768.5,1999,2764.5,2834.5,3135.5,3091
"W1-043","GmJMC064","W1",43,18.75,25.5,48,97.75,99.5,87.75,454.75,223.25,264.25,483,467.75,730.25,691
"W1-044","GmWMC175","W1",44,94.75,92.5,313.75,573.25,711,825.25,1683.75,1419.75,1555.5,2067.75,2086.5,2522,2548.5
"W1-045","GmWMC141","W1",45,42,24.25,99.75,316.5,262.75,300.25,913.25,687,718.75,1330.75,1300.75,1679,1832.5
"W1-046","GmJMC051","W1",46,53.75,100,275.5,557.5,624,690.25,1478.25,1307.5,1371.5,1882,1889.5,2069.25,2081
"W1-047","GmWMC159","W1",47,20.25,16.5,69,230,246.5,290.25,621,608.75,628,761,1002.75,1310.75,1322.25
"W1-048","GmJMC101","W1",48,89,125.5,386,624.75,761.75,827.5,1411.25,1441.5,1548,1665,2032.25,2360.25,2348.25
"W1-049","UA-4805","W1",49,45.6666666666667,43.6666666666667,117.666666666667,357,386.333333333333,367.666666666667,809.333333333333,670,855.666666666667,776,1116,1466,1716.33333333333
"W1-050","GmWMC147","W1",50,109.25,68,359.25,680.75,801,871.25,1353.5,1502,1584.25,1464.75,2159.25,2446.75,2453
"W1-051","GmJMC054","W1",51,36.75,34.5,155,343.25,396.25,464.25,842.5,817.5,933.25,1125.75,1233.5,1555.25,1607.25
"W1-052","GmWMC125","W1",52,116,138.75,392.25,706.5,823.5,929.5,1491.25,1465,1653,1832.25,2008.5,2252,2318.5
"W1-053","GmWMC155","W1",53,51.75,37.25,176.25,479,469.25,540.5,940.75,944.75,1152.25,1181.25,1513.5,1852.25,1905.5
"W1-054","GmWMC108","W1",54,21.5,25,83.75,233,209.25,178.75,582,537,686.25,687.25,1018.75,1305,1450.25
"W1-055","GmJMC056","W1",55,70.5,54,133.75,367.5,263.75,261.5,860.25,628.75,737.25,890.25,1100.25,1276.75,1504.25
"W1-056","GmWMC166","W1",56,29.75,25.25,105.25,308.75,254.5,302.75,896.75,637.75,788,1048,1170.25,1455.25,1567
"W1-057","Houjaku Kuwazu","W1",57,102.25,90.25,334.75,550,671,771,1314.25,1259.25,1456.25,1543,1764.75,2027,2026.25
"W1-058","GmWMC163","W1",58,9.33333333333333,18.3333333333333,82,171,215.666666666667,254.333333333333,718.333333333333,492,583.333333333333,803,862.666666666667,1148,1244
"W1-059","GmJMC095","W1",59,76.75,44,179.5,479.25,556.25,622.25,1555.75,1163.75,1320.5,1783,1722,1928.25,2016
"W1-060","GmJMC172","W1",60,53,59.5,213,551.25,590.25,695.5,1219.5,1179,1336,1486.75,1734.5,2096.75,2221.75
"W1-061","GmJMC003","W1",61,96.75,103.25,288.5,521.75,515.75,589.25,951.75,654.75,749.75,687.75,757.25,834.75,883.5
"W1-062","GmWMC174","W1",62,50.75,27,62.75,359.5,287,327.75,869.75,680.75,842.5,986.75,1253.5,1626.25,1726
"W1-063","GmJMC085","W1",63,106.5,111.25,313.25,655.75,701,787.25,1487,1384.25,1516.5,1757.75,1951.25,2231.25,2391.5
"W1-064","GmJMC078","W1",64,83.5,62.75,235.75,477,566.75,603,1120.25,1037.25,1166.25,1202.25,1474.25,1725.75,1842.75
"W1-065","GmJMC179","W1",65,109.25,120,388.75,647.5,765.75,890.25,1475.5,1370.25,1499.25,1775,1898,2093.75,2340
"W1-066","GmWMC119","W1",66,66.5,78.75,290.5,449.75,573.75,703.25,1179.5,1126.75,1249,1236.75,1507,1704.75,1803.5
"W1-067","GmJMC126","W1",67,70.75,59,211,400.5,496.75,577.75,1001.5,951,1066,1172,1421.25,1705,1817.25
"W1-068","GmWMC182","W1",68,44.75,50.5,105,328.5,293.75,321.5,815,685.75,797,908.5,1154.25,1343.5,1385.75
"W1-069","GmWMC019","W1",69,28,31.5,112,240.75,274.25,330.25,684.25,575.5,631,677.5,780,925,965.5
"W1-070","GmJMC177","W1",70,79.75,62.25,303.75,589.75,691,831,1445.5,1305,1432.75,1703.75,1929.5,2309.75,2531.75
"W1-071","GmWMC127","W1",71,57.75,63.5,187.75,542.5,599.5,698,1158.5,1168,1330.25,1393.75,1622.75,1950.5,2016.5
"W1-072","GmWMC115","W1",72,69,78,236,318,442,534,1183,1041,1177,1215,1619,1974,2106
"W1-073","GmWMC038","W1",73,NA,NA,NA,NA,NA,NA,NA,NA,NA,NA,NA,NA,NA
"W1-074","GmJMC021","W1",74,112.25,92.5,217,487.25,548.5,581,1001,848.25,927.75,943,1142,1281,1311.75
"W1-075","GmWMC160","W1",75,25,17.5,60.75,236.5,205,224,663.5,557.75,635.75,637.75,938.5,1221.75,1357.25
"W1-076","GmJMC055","W1",76,80.5,74.5,192.25,446.5,539.5,601.25,1001.25,889.75,992.25,928.5,1264.5,1465.5,1509
"W1-077","GmWMC046","W1",77,76.25,96,207,411.25,396.25,435.5,848.5,538.75,583.75,605,634,796,875.25
"W1-078","GmJMC030","W1",78,57.5,37.75,96,238.25,226.75,253.75,594.5,488,562.5,577.25,696.25,789.5,872.5
"W1-079","GmWMC070","W1",79,79.75,58,170.5,398,476.25,573.5,1092,986,1027,1029,1259.5,1487.25,1460.5
"W1-080","GmJMC092","W1",80,84.75,143.25,432.75,768.75,869,996.75,1924.75,1579.75,1696,1973.5,1953.5,2160.75,2256
"W1-081","GmJMC180","W1",81,42.5,40.5,161,305.75,346,399.25,1075,857.75,932,1134,1313,1592.5,1678.75
"W1-082","GmJMC104","W1",82,99.5,84.25,182.25,460.25,485.5,518,1478.25,1044,1165,1539.75,1471.75,1655,1766.75
"W1-083","GmWMC089","W1",83,66.75,54.75,152.25,351.25,396.25,428.5,1041,695,782,892,1007.25,1171.75,1296.25
"W1-084","5002T","W1",84,16.5,29.5,115,268.5,293,310.5,754,708,870.5,776,1174.5,1583.5,1735
"W1-085","GmWMC020","W1",85,NA,NA,NA,NA,NA,NA,NA,NA,NA,NA,NA,NA,NA
"W1-086","GmWMC156","W1",86,32.75,37.75,140.5,349.5,378.25,419,882.25,773.75,881,957.5,1186,1439.75,1536.75
"W1-087","GmJMC096","W1",87,31.25,44.5,152.5,401.25,444,504,1179.5,1013.25,1163.25,1440.25,1555,1794,1921
"W1-088","GmJMC093","W1",88,70,72.25,257.5,568.75,674.25,784.75,1347,1216,1377.25,1581.25,1693,1930.25,2032.75
"W1-089","GmWMC169","W1",89,46,66.75,184.5,395.75,505.25,608.25,1099.25,909.25,971.5,1120.25,1202.75,1401.75,1431.25
"W1-090","GmWMC134","W1",90,21.25,36,99.75,207.5,248.75,276,576.75,488.25,553,641.5,840,1078,1161.75
"W1-091","GmWMC120","W1",91,75.5,41.75,162.5,254.5,204.5,173.75,551,278.5,395.75,420.75,698,886,803.5
"W1-092","GmJMC080","W1",92,104.25,95.75,332,613,714.25,816.5,1442,1233.75,1405,1693.5,1748.25,2005.5,2058.75
"W1-093","GmJMC100","W1",93,78,79.25,296.25,682.75,766.25,885.75,1672.5,1424,1618.75,1958,2085,2315.5,2390.5
"W1-094","GmWMC140","W1",94,46.5,34.25,66.75,240,225.75,217,622.5,526.25,619.25,814.25,991.25,1342,1529.5
"W1-095","GmJMC145","W1",95,75.5,82.25,208.75,458.75,530.5,590.75,1253.75,1033.25,1224,1412.5,1507.75,1778,1884.25
"W1-096","GmJMC098","W1",96,63,67.75,243.25,510.5,600.25,674.5,1196.75,1047,1218.5,1299.5,1548.25,1759,1862.75
"W1-097","GmJMC116","W1",97,98.25,65.5,209.5,525.5,589.75,666.25,1273.25,1033.5,1236.25,1371.5,1541,1720.25,1799.75
"W1-098","GmJMC041","W1",98,79.75,62,211,505.5,525.75,585.25,999.25,776,876.5,903.25,949.25,1029.5,1039.25
"W1-099","GmWMC154","W1",99,85,68.25,243.25,524.25,639,744,1256.25,1137,1329.5,1448,1758.25,2079,2069.5
"W1-100","GmJMC114","W1",100,58.75,54.25,228.5,471.75,535,591.75,1068.75,955.25,1166.5,1059.5,1475.75,1697.25,1727.5
"W1-101","GmWMC191","W1",101,50.75,33.25,161.5,412.75,467.5,587.75,1517.25,934,944,1727.5,1352.75,1606.75,1575.25
"W1-102","GmJMC063","W1",102,61.3333333333333,51.6666666666667,248.333333333333,561.333333333333,633,747,2062.66666666667,1336.66666666667,1433.33333333333,2427.33333333333,2084,2512.33333333333,2418.33333333333
"W1-103","C1329","W1",103,53.75,42.75,167,489.25,531.5,632.75,1542.25,1007.75,1095.75,1820,1487.25,1768.75,1674
"W1-104","GmWMC027","W1",104,66,59,182.5,480.75,512.75,585,1477,847.25,886.5,1534,1191,1402.5,1248.25
"W1-105","GmWMC022","W1",105,72.75,72.25,211,429.5,483.25,590.25,1362.5,864.25,885,1405.25,1121.25,1220.25,1115
"W1-106","GmJMC044","W1",106,85.5,85.5,243,512,585.75,719.5,1580.5,893.25,874.5,1510.75,1147,1263,1126.25
"W1-107","GmWMC107","W1",107,89.5,77.5,280.25,516.25,588.25,652.75,1545.25,847.5,874.25,1540.25,1081.5,1209.25,1094
"W1-108","GmWMC029","W1",108,65.5,42.75,180.5,507,512.75,581,1507.5,909.25,956.75,1741.5,1294.75,1497,1364.75
"W1-109","GmWMC142","W1",109,51.5,29.25,118,430.25,386.75,454,1160.25,708.5,779.5,1354,1057,1274.75,1186
"W1-110","GmJMC031","W1",110,73,46.75,144.5,417.5,439.25,538.5,1357,845.25,858.25,1593,1321.75,1584.25,1376
"W1-111","GmJMC105","W1",111,114.75,80.75,147,440.25,455.75,522.5,1475.5,842,974.75,1684,1360,1634.25,1450.5
"W1-112","GmJMC069","W1",112,66.25,44.25,154,459.5,431.25,512.75,1275.75,669,768,1268.5,1028.5,1204.25,1052.75
"W1-113","GmWMC150","W1",113,30.75,26,102.5,199.25,238.5,278,816.5,502,534.5,1175.25,903,1175.75,1132
"W1-114","GmWMC083","W1",114,36,19.75,86.75,278.5,295.5,353.75,896.5,609.75,633.75,1051.5,970.75,1132,1100
"W1-115","GmWMC113","W1",115,0,11,21,70,47,54,1206,116,144,1549,425,1035,824
"W1-116","GmWMC151","W1",116,56.5,28,190,513.75,527.5,670.75,1438.75,985.25,991,1752.5,1397.5,1704.75,1533.25
"W1-117","GmWMC010","W1",117,89.5,41.5,64.5,165,118,126,530.25,173,199.75,583.75,228.75,340.75,301
"W1-118","GmJMC016","W1",118,91.25,82.5,207.75,488.25,540.5,586.25,1406.25,752,799.75,1374.5,1018.75,1157.75,1057.5
"W1-119","GmWMC183","W1",119,19,31,97.5,347,357,440.75,1321.5,634.5,664,1457.75,1081.75,1248.75,1222.75
"W1-120","GmWMC124","W1",120,47.75,54.5,134.25,342,299,318,1126.5,569.5,562.5,1095.25,866.25,1092,997.75
"W1-121","GmWMC123","W1",121,99.25,77.5,218.75,508,514.25,592.75,1439.75,809,836,1588.75,1289.75,1484.75,1346.75
"W1-122","GmJMC004","W1",122,67.25,39.75,98.75,266.75,287.75,303.75,867.5,446.5,500,785.75,576.25,636,567.5
"W1-123","GmJMC091","W1",123,101.5,51.25,191.25,407.75,462,554.5,1398,753.75,795.5,1498.25,1262.5,1418,1154.25
"W1-124","GmWMC129","W1",124,49.25,23,71,225,154,172.75,923.25,342.25,348.75,984.25,760.25,977.75,782.75
"W1-125","GmWMC012","W1",125,25.25,22,102.25,349.75,350,419.25,1122.75,583,635.75,1123.25,862.5,973.25,840.25
"W1-126","GmWMC045","W1",126,49,32,111.666666666667,305.333333333333,311.666666666667,363.666666666667,1114,587.333333333333,760.666666666667,1223,1005,1210.33333333333,1033
"W1-127","GmJMC040","W1",127,51,37.75,93.75,341.75,346,400.25,1138.5,693.5,764.75,1289,1110,1273.25,1147.25
"W1-128","GmJMC079","W1",128,64.75,80.75,197.5,470.25,505.75,597.5,1365.25,768.5,765.75,1328,1045.5,1186,1070.75
"W1-129","GmWMC018","W1",129,21,44,130,336,352,403,1319,344,411,1173,610,665,587
"W1-130","GmWMC015","W1",130,45,25.5,120.25,321,360,404.75,1048,679,711.5,1188.25,963,1154.75,1046
"W1-131","GmJMC102","W1",131,82.25,70.25,157.25,440.5,453.75,494.25,1464.75,867,965.75,1551.5,1227.25,1395.25,1306.25
"W1-132","GmJMC043","W1",132,50.25,24,87.25,296.25,284.25,315.25,1155.25,706.5,738.25,1349.25,1037.75,1196.5,1165.75
"W1-133","GmWMC066","W1",133,73.5,44.5,106.25,291.75,298,346.5,1025.5,548,610,1005,768.5,919,864.25
"W1-134","GmWMC073","W1",134,56.5,41.5,111,242,214.5,231,1035.5,444,395.5,1062,752.5,888,853.5
"W1-135","GmWMC132","W1",135,44.25,35,106.75,356.25,350.25,417.5,1039.25,624.75,609,1187.5,943.5,1247.25,1087.75
"W1-136","GmWMC170","W1",136,43.75,43,175.25,410.25,466,504.5,1078.75,695,725.25,1254.5,1025.25,1232.5,1271.75
"W1-137","GmJMC033","W1",137,86.75,87.75,241,429.5,537.75,589.25,1213.75,724.25,730.25,1086.25,810.5,909.25,911
"W1-138","GmWMC144","W1",138,79.25,58.25,166.5,457.25,462.25,506.5,1334,836,853,1370.5,1204,1365.25,1372.5
"W1-139","GmWMC118","W1",139,65,86.25,293.75,521.5,582.25,651,1467,940,892.25,1538,1307,1543.75,1309.75
"W1-140","GmJMC139","W1",140,108,124.75,410.25,730.25,833,908,1997.75,1409.5,1288.5,2040.25,1732.75,1991.5,1896
"W1-141","GmWMC171","W1",141,67.75,74.25,310.75,647.25,741.75,845.75,1707,1137.5,1171.75,1794.5,1536.5,1767.25,1676.75
"W1-142","GmJMC002","W1",142,92,59.5,176,345.5,285.25,299.75,726.75,329.25,354.25,544.75,386,426.75,448.75
"W1-143","GmWMC048","W1",143,51.5,39.5,138.5,432,460,513.5,1496,909,891,1465,1292.5,1580,1520.5
"W1-144","GmJMC057","W1",144,42.75,29,79.75,357,310.5,334,1141,669.25,695,1109.25,962.75,1094,1107.75
"W1-145","GmWMC186","W1",145,22.25,14,32.5,193.25,135.25,116.5,713.5,295,417.75,786,654,889.5,938.5
"W1-146","GmWMC075","W1",146,37.5,23.25,69.75,224.25,239.75,245.5,807,502.75,603.25,915,851.75,980,950.5
"W1-147","GmWMC011","W1",147,39.5,24,70,322,321.5,348.5,1196.5,601,680.5,1183,1098,1448.5,1626.5
"W1-148","GmJMC081","W1",148,75.5,43,101.5,386,373,437.5,1396.5,826,1050.5,1548,1540.5,1944.5,1900.5
"W1-149","GmJMC130","W1",149,47.5,32.5,106.75,350.25,314,338.25,916,540.75,673.75,921.25,918,1147,1096.25
"W1-150","GmWMC071","W1",150,65,62,228.25,561.5,665.5,746,1287.5,1167,1245.75,1482.25,1595,1797,1801.5
"W1-151","GmJMC062","W1",151,80.25,43.25,98.5,445,356.5,415,1278.25,837,998.5,1434.5,1383,1765,2097.25
"W1-152","GmWMC178","W1",152,41.5,25.25,74.5,302.75,310.5,358.75,1072.25,753.5,877,1236,1278.25,1530.5,1649.5
"W1-153","GmWMC157","W1",153,19.75,11.5,31,127,111.5,108,478.25,297.75,368,606.25,634.75,920,1051.75
"W1-154","GmWMC001","W1",154,105,69.5,156.75,307.5,284.5,301.25,722,361.25,432.5,539,457.25,561,607.25
"W1-155","GmJMC161","W1",155,68.75,65,221.5,567,620.75,727,1627.25,1206.75,1352.25,1741,1702.5,2096.75,2298
"W1-156","GmJMC149","W1",156,114.25,102.5,342,734.25,814.75,990.5,2037.25,1607.5,1902,2196,2378,2650.25,2804.75
"W1-157","GmJMC065","W1",157,64.5,52.25,189,511.75,604,701.5,1938.75,1255.75,1407.5,1806.25,1616.75,1846.5,2048.5
"W1-158","GmJMC058","W1",158,69.75,54.25,234.25,594.75,649,767.5,1828,1381.75,1595.5,2164.75,2035.25,2299.75,2421
"W1-159","GmJMC067","W1",159,120.75,106.75,483.75,790.25,1012.5,1176.25,2270,1747,1922.75,2354.75,2423.5,2573,2629.75
"W1-160","GmJMC007","W1",160,109,111.5,442.25,741.75,836.25,938.5,1803.5,1194.75,1287.25,1464.25,1484.75,1813.5,1848.75
"W1-161","GmWMC136","W1",161,65,80.75,357.5,719.25,903.25,1062,2305,1638.75,1844.5,2448,2598.75,2983.5,3036.5
"W1-162","C1290","W1",162,66.5,79,314,600.25,717,840.75,1867.5,1302.75,1533,2278.25,2108,2624.5,2882
"W1-163","GmJMC184","W1",163,122.75,151.25,519,858,1052,1237.75,2423.75,1737.5,1820.75,2640.75,2681.5,3009.25,3116.25
"W1-164","GmWMC087","W1",164,25.25,38,182,516.25,522,657.75,1649.75,1143,1224,1791,1737,2206.75,2381.75
"W1-165","GmJMC028","W1",165,67.5,80.75,383.25,770.75,912.5,1087.25,2257.75,1677.5,1848,2497.5,2412,2719,2895.75
"W1-166","GmWMC190","W1",166,96.25,117.25,421.25,716.5,902.75,1055.5,2134.25,1641.75,1820.5,2578.75,2548.75,3021,3093
"W1-167","GmWMC188","W1",167,86.5,137.75,472.75,769.5,889.75,1040.5,2270.5,1599,1751,2773.25,2569.5,2986.75,2970
"W1-168","GmJMC097","W1",168,105.5,129.25,480.5,817.75,1004,1167.5,2471.25,1933.5,2106.5,2623.75,2536.75,2821.75,2905.25
"W1-169","GmJMC023","W1",169,113.75,187.25,553.75,818,1019.75,1222.5,2296.5,1820.25,2167.25,2394.25,2430.75,2644.5,2769.5
"W1-170","GmJMC082","W1",170,87,102,371.75,706.25,887.75,1026.75,2173.75,1635.25,1812.75,2481,2274.25,2634.75,2820.25
"W1-171","GmWMC122","W1",171,56.75,53.25,185.25,421.5,475.25,561.75,1336.25,1145,1329.75,1718.75,1814.75,2322.75,2563.5
"W1-172","C0394","W1",172,104.75,85,216.5,429.25,527.25,636.5,1342,997.75,1098,1380.5,1423,1632.75,1665.5
"W1-173","GmJMC167","W1",173,80.5,60.25,154.5,395.5,425,476.75,1352.5,948,998.5,1431,1518.75,1919.75,2139.75
"W1-174","GmJMC117","W1",174,75.5,44.75,128.25,400.75,425,447.25,1293.25,1011.25,1110.75,1466.75,1561,2001.75,2218
"W1-175","GmJMC032","W1",175,82,42.75,142,400.75,379.25,413,1429,1004.5,1058.5,1586,1380.75,1574.5,1713.25
"W1-176","GmWMC162","W1",176,67.75,98.25,344,768.75,860.25,1035.75,2153.75,1623.5,1744.75,2423.25,2385,2653,2619.5
"W1-177","GmJMC050","W1",177,59.5,37,164.25,458,547.5,690.5,1610.75,1254.75,1352.5,1521.5,1462.75,1694.75,1715
"W1-178","GmJMC039","W1",178,91.75,83,262.75,684.5,737.25,845.5,2044.75,1416.75,1477,2030.25,1840.75,2104.5,2300.75
"W1-179","GmJMC112","W1",179,87.25,65.75,310,805.25,894.75,983.5,2099.25,1475.75,1646.5,2370.25,2180,2446.5,2535.25
"W1-180","GmWMC168","W1",180,39.25,35.25,211.75,621.75,709.25,811.5,1628,1323.5,1435,2050,1869.5,2253,2416.5
"W1-181","GmJMC128","W1",181,39.6666666666667,51,220.666666666667,544.333333333333,613,748.333333333333,1552,1251,1438.33333333333,1811.66666666667,1795.66666666667,2028.33333333333,2138
"W1-182","GmJMC088","W1",182,21.3333333333333,21.3333333333333,48.6666666666667,159,136.333333333333,151.333333333333,509,336.333333333333,398.666666666667,633,683.333333333333,876,907.333333333333
"W1-183","GmWMC109","W1",183,53.25,24,88.5,207.75,155.75,161.5,700.75,424.5,481.5,861.25,819.5,1070.25,1141.25
"W1-184","GmJMC121","W1",184,58,33.75,89,271,274.75,295,777,597.75,655.5,874,968.5,1366.25,1319.5
"W1-185","GmJMC106","W1",185,50,58.75,276,660,711.5,858,1712.75,1512,1745.75,2084.5,2070.5,2482.75,2664.25
"W1-186","GmJMC137","W1",186,115.75,132,449.25,746,898.75,1078,2180.5,1780.25,1980.5,2492.25,2472.25,2771.75,2982
"W1-187","GmJMC158","W1",187,28.5,30.75,154.25,472.75,508.25,640,1286.5,1125.25,1263.25,1718,1684.5,2067.25,2256.75
"W1-188","GmWMC042","W1",188,14.5,20,83.75,195.5,255.25,322.5,752,614.5,745.5,864,912,1141.5,1262.5
"W1-189","GmJMC076","W1",189,61.75,40.75,194.25,547.75,610.5,782.5,1709.75,1385.75,1659,2083.25,2103,2451.75,2610.5
"W1-190","GmWMC173","W1",190,48.25,58.75,226.25,517.75,594.25,737.5,1647.5,1376.75,1623.25,1912.25,1887.75,2162.75,2345
"W1-191","GmWMC192","W1",191,18.25,10,104,381.5,386,448,1301,969.5,1120,1680.5,1591,1956,2154.5
"W1-192","GmWMC074","W1",192,22.25,11.25,62,210.25,216,266.5,850.75,471.25,553.25,869.25,796.25,960.75,933.25
"W1-193","GmJMC026","W1",193,33.25,25.25,134,327.5,382.5,453.25,883.75,728.5,767,985,1008.5,1111,1132.25
"W1-194","GmWMC187","W1",194,37.5,32.25,75.75,294.5,262.25,311.75,837.25,695.75,775.25,1238.25,1292.5,1702.75,2061.75
"W1-195","GmJMC131","W1",195,37.75,22.5,83.5,365.75,367,393,1095.25,810,946.75,1291.5,1450.75,1826.25,1953.5
"W1-196","GmWMC153","W1",196,53,34.75,97,290,298,321.25,692.25,624,681.5,973.5,1005,1370.75,1450.5
"W1-197","GmWMC181","W1",197,51,33,103.25,251.25,262.25,209.75,686.5,486.25,613,816,927,1177.25,1199
"W1-198","GmJMC037","W1",198,50.25,46.75,123,301.5,279,323.25,614.75,536,615.75,789,871.25,1043.25,1009.25
"W1-199","GmJMC047","W1",199,38,23.5,121,354,313.25,393.5,980,749,884.75,1146.75,1211.75,1414,1472.75
"W1-200","GmJMC060","W1",200,49.25,46,199.5,510.5,519,613.75,1080.25,949.5,1106.75,1296.25,1377.5,1613.5,1632
"W4-001","GmJMC013","W4",1,32,24,23.5,124.25,40.25,51.75,504.25,176.75,216,562.75,334.25,377.5,407.75
"W4-002","GmJMC055","W4",2,49,26,42,96.25,61.25,92,449.75,122,137,358.5,227.25,285.75,280.25
"W4-003","GmWMC072","W4",3,54,34.75,37,171,95.5,99.25,804,291.75,360.5,842.5,616.75,762,736.75
"W4-004","GmJMC081","W4",4,19,14,7,63,40,28,991,89,138,419,251,346,332
"W4-005","GmJMC039","W4",5,74.5,38.25,96.5,266.5,195.25,232.5,1016.25,417,493.75,889,640,729.25,698
"W4-006","GmJMC061","W4",6,72.75,48.5,84.5,268.5,190.25,169.75,1039,501.5,635.75,1045,835,984.75,977.5
"W4-007","GmJMC037","W4",7,73,48.5,107.25,251.75,208.5,199.25,929.25,404.75,434.75,792.25,585,617,582.25
"W4-008","GmWMC022","W4",8,65.5,54.75,108.25,184.25,199.5,211,610.25,411.75,472.5,662.5,591.75,675,685.5
"W4-009","GmJMC054","W4",9,89.6666666666667,83.6666666666667,158.666666666667,315,262.333333333333,280.666666666667,1139.33333333333,616,731.333333333333,1319.33333333333,1073,1326.33333333333,1264.66666666667
"W4-010","GmWMC155","W4",10,46.5,25.5,38.75,187.5,124.75,133,891.75,403.25,440.25,908.25,762.5,910.75,918.5
"W4-011","GmWMC150","W4",11,13,9.25,35.5,65,64,69.75,302.75,152.5,174.5,302.25,271.25,340,359.25
"W4-012","GmJMC065","W4",12,47.5,34.5,71,174.5,154.5,138.5,823,392,414,944,730,868.5,873
"W4-013","GmJMC041","W4",13,64,40,27.6666666666667,159.666666666667,66.3333333333333,53.3333333333333,548,221,205,493,259.333333333333,320.666666666667,318.666666666667
"W4-014","GmWMC015","W4",14,35,22.75,55.75,124.75,115.25,132.75,523.75,298.75,336,553,509.5,601,608.5
"W4-015","GmWMC153","W4",15,61.75,52.75,73.75,241,176,177.5,723.75,434.25,484.75,804.5,643.25,737.25,742.25
"W4-016","GmWMC152","W4",16,69,37,52.25,230.5,131.75,142.25,858.5,458,499.75,946.75,773,943.25,942.25
"W4-017","GmWMC024","W4",17,60.75,41,55,184,99.75,120.25,684.5,267.5,288.5,671.5,451,556.5,536.25
"W4-018","GmWMC094","W4",18,41.25,25,20.75,87,54.5,54.5,422.25,109.5,126.75,390,212,299.75,276.75
"W4-019","GmWMC124","W4",19,53,30,65,86,84,104.666666666667,524,139,153.333333333333,482.333333333333,240.333333333333,309,336.333333333333
"W4-020","GmWMC109","W4",20,34,18,35.3333333333333,51.6666666666667,57,69.3333333333333,390,108.666666666667,113,340.666666666667,153,241.333333333333,267.666666666667
"W4-021","GmJMC059","W4",21,52.5,37.5,55.75,188.5,108.75,117.25,875,348.25,372.75,904,560,693.25,658
"W4-022","GmJMC090","W4",22,48,33.6666666666667,39,85,34.6666666666667,36,981,86,103,779,253.666666666667,354.333333333333,369.666666666667
"W4-023","GmJMC112","W4",23,86.75,31.75,45.75,89.25,71.5,81.75,535.25,100.5,113.25,394.25,161.25,230,241.5
"W4-024","GmWMC127","W4",24,65.25,41.5,69.75,173,98.25,103.75,635.5,261.25,305,623.75,498.5,608.25,653.5
"W4-025","GmJMC028","W4",25,47,46,57.75,211.5,122,117.75,863.75,310,389.25,787.5,542,628,654.5
"W4-026","GmJMC126","W4",26,46.25,24.25,70.25,227.5,161.25,159,755.5,331,375.5,779,504.25,616,578
"W4-027","GmWMC048","W4",27,41.5,41,68,249.75,140,153.5,847,498,537,980.5,709.5,784.25,738.75
"W4-028","GmJMC044","W4",28,60.25,45.5,154.25,341,282.75,292.25,1019.5,520.75,563.75,956.5,586.5,583.75,633.25
"W4-029","GmWMC160","W4",29,21.5,10,22,76.5,52.75,55,424,169.5,159.25,496,327.5,414.5,456.25
"W4-030","GmJMC121","W4",30,51.25,33.5,88.5,180.25,120.5,114.75,606.75,247.5,305.25,662,516.5,646.75,664.5
"W4-031","GmWMC135","W4",31,77.5,65.25,95.5,326,188.25,214.25,995,575.5,650.25,1184.5,1015.75,1227.75,1211.5
"W4-032","GmWMC036","W4",32,19.25,12.75,30,55,59,69,260.5,156.25,170.75,317.75,240.5,269.75,269.25
"W4-033","GmJMC016","W4",33,71.75,42.75,73.5,218.25,121.25,126.75,771,424.75,445,780.25,582.5,645.5,668.75
"W4-034","GmJMC095","W4",34,80.75,46.25,98,318,229.5,277.25,1122.25,705.5,768.25,1302.5,1086,1314.25,1239.5
"W4-035","GmJMC102","W4",35,26.75,18.75,62.75,202,145.75,173,853.5,440.75,501,905.25,705.5,807.25,774.25
"W4-036","GmJMC128","W4",36,54.25,32.25,97.75,260.75,196,226.5,899,534,592,989.75,751.5,839,819.75
"W4-037","GmWMC108","W4",37,29.25,23.5,65,220.5,166,154.75,859,473,586,1000.75,804.5,911.25,907.25
"W4-038","GmWMC144","W4",38,47,40.25,58,202,102.25,86,787.75,285.25,320.5,819.75,472.75,676.75,707.25
"W4-039","GmWMC006","W4",39,47.5,37,70,244.75,107,100,926.75,273.75,286.75,811,354.5,411,432.25
"W4-040","GmJMC031","W4",40,57.5,54.75,106,283.25,233.5,258.5,992.5,670.5,757.25,1243.75,1006.75,1199.5,1148.25
"W4-041","GmJMC057","W4",41,33,22,38,190.75,58,63.25,702.25,248.25,285,721.5,454,559.5,575
"W4-042","GmJMC111","W4",42,50,32,82.75,224.25,153.75,167.5,805.75,376.25,423.75,818,602.75,723.25,685.25
"W4-043","GmJMC172","W4",43,31.5,14.5,24.25,112.25,67.75,71,563.25,199,234.5,624.5,426.25,548,616.75
"W4-044","GmWMC183","W4",44,24.6666666666667,9.66666666666667,30.3333333333333,108.666666666667,57.3333333333333,42.6666666666667,626.666666666667,175.333333333333,214,551.333333333333,365.666666666667,504.333333333333,586.333333333333
"W4-045","GmJMC091","W4",45,77.5,53.5,115.25,222,211.25,184.75,786.75,459,507.5,902.5,828,978.5,953
"W4-046","GmJMC077","W4",46,51.25,49,114.5,200.25,151.5,154.5,656.75,344.25,404.25,713.75,595.75,700.5,663.25
"W4-047","GmJMC021","W4",47,79.5,59,74.25,140.5,55,60,423.75,137.5,183,397.25,223,253,246.25
"W4-048","GmJMC180","W4",48,12,8.75,28.75,67.25,54,55.25,270.25,143,156.5,234.25,314.25,416,433.5
"W4-049","GmWMC029","W4",49,39,14.3333333333333,26.6666666666667,79.3333333333333,37.6666666666667,31.3333333333333,426.333333333333,110.333333333333,151.666666666667,360,332.666666666667,452.666666666667,492.666666666667
"W4-050","GmWMC169","W4",50,80,67,148,179.5,199.75,214,676.25,355,406.25,552.75,472,518.5,524
"W4-051","GmWMC070","W4",51,47.75,26,25,128,43.25,56.5,383.25,86,95.5,272,113.25,123.5,124
"W4-052","GmWMC129","W4",52,76,27.25,34.25,108.25,56.75,52.5,494,100,138.25,445.5,255,330.25,284.5
"W4-053","GmWMC154","W4",53,96.75,49,38.25,100,31.25,28.5,435.5,100.5,120.5,409.25,243.75,366.75,412.25
"W4-054","GmWMC141","W4",54,56.3333333333333,18.6666666666667,12.3333333333333,44.6666666666667,16.6666666666667,25,408.333333333333,41.6666666666667,54,239.333333333333,120,160.333333333333,151
"W4-055","GmJMC053","W4",55,66,23.25,21.25,79.25,27,24.75,387.5,55.5,90.25,281.75,190.25,239.5,220
"W4-056","GmJMC184","W4",56,65.75,21.75,31.75,94,25.75,48,498.75,101.25,133.5,421.75,288.75,404.25,376.5
"W4-057","GmJMC032","W4",57,67.5,29.5,41,87.5,14.25,22,429.75,92.5,122,386,291.5,412.25,439
"W4-058","GmJMC052","W4",58,102,53.75,54.75,153,60.25,56.5,634.75,141.25,182,450.25,213.25,268.5,218.5
"W4-059","GmWMC086","W4",59,87.75,41.25,58.25,144,59.25,67,536.75,104.75,123.25,372.75,137,146,173.75
"W4-060","GmWMC122","W4",60,32.25,26,59,157,94,87.25,611.25,227,288,564.5,379,442.75,454.75
"W4-061","C0394","W4",61,93.25,46,48.5,143.25,34.75,33,473.5,104.25,147.5,468.5,257,347.75,353
"W4-062","GmWMC142","W4",62,67.3333333333333,26.3333333333333,23.3333333333333,153.333333333333,71,59.6666666666667,679,159,216,681.666666666667,433,547,577.666666666667
"W4-063","GmWMC136","W4",63,59.75,18.25,21.5,112.75,31.25,35.5,445.5,130.25,118,537.5,363.75,536.25,517.25
"W4-064","GmWMC187","W4",64,74,44.6666666666667,36.3333333333333,135.333333333333,61.6666666666667,80,653.666666666667,252.333333333333,318.666666666667,714.333333333333,593.666666666667,812,845.333333333333
"W4-065","GmJMC137","W4",65,116,59.75,62.25,218.75,59.5,63.75,647.25,164,190.75,650,295.5,469.75,501.5
"W4-066","GmJMC149","W4",66,108,47,24.6666666666667,117.666666666667,63.3333333333333,86.6666666666667,630.333333333333,115.666666666667,168.333333333333,654.333333333333,423.666666666667,596,562.333333333333
"W4-067","Houjaku Kuwazu","W4",67,103.5,51.25,61.75,163,42.5,62,451.75,142,171,449.25,286,335.75,341.5
"W4-068","GmJMC062","W4",68,73.25,40.5,54.5,116.25,75,94.75,618,224.25,261,525.5,384.5,473.75,467.25
"W4-069","C1329","W4",69,64.75,17.5,28.25,99.5,25.75,41,355.5,64,56,236,118.5,194.25,178.25
"W4-070","GmWMC171","W4",70,69.75,30.5,27.5,106.5,52.25,64,441.75,126.5,160,446.5,273,387,456
"W4-071","GmWMC138","W4",71,27.5,11.25,5,25.75,15.25,21.75,264.5,15.5,22,166.75,54.5,79.25,110.25
"W4-072","GmJMC092","W4",72,129,100,73,150,92,127.333333333333,797.666666666667,222.666666666667,189.333333333333,442.333333333333,375.666666666667,437,395.333333333333
"W4-073","GmJMC097","W4",73,78.25,35.75,54,111.25,46,44.75,360.5,71.75,101,277.5,137.25,208,208
"W4-074","GmJMC002","W4",74,47,22,35.5,40.75,20.25,20.75,224,31.75,27.5,86.25,31.75,32.75,39
"W4-075","GmWMC156","W4",75,47.25,17.5,12.75,47.5,11.5,9,238.75,14.75,17.5,139,71.5,136.5,199.75
"W4-076","GmJMC068","W4",76,97,52,78.5,176,55.75,81,567.25,179,228.75,571.5,385.5,488.75,438.75
"W4-077","GmJMC033","W4",77,88.25,54.75,85.25,187,120,106.5,500.75,217.25,243.75,445.75,288,316.5,280.75
"W4-078","GmWMC147","W4",78,97.75,48.75,67,319.5,160.75,162.25,919,445.5,527,954.25,760,824.75,784.5
"W4-079","GmWMC151","W4",79,51.5,26,66.5,243.25,115.25,113.25,756,347.5,416.75,813.75,623.25,759,809.25
"W4-080","GmJMC139","W4",80,115.5,73.5,123,353.5,242.25,272.75,904,501.75,544.75,956.75,760.5,859,785.75
"W4-081","GmWMC140","W4",81,67.25,38,38.25,137.25,40.5,51.5,340,133,146.75,440.25,286.75,426,372.75
"W4-082","GmWMC182","W4",82,63,27.75,37.25,118,39,20.75,422.5,157.25,187.75,488.5,316.75,456,471.5
"W4-083","GmJMC131","W4",83,74.5,44.5,75.25,303.5,102,113.75,893.5,367.5,416.25,924.25,687.75,786.25,749.5
"W4-084","GmWMC103","W4",84,66.25,43.75,77.75,156.5,93.75,92.5,457.5,191,204,364.5,235,273.25,336.75
"W4-085","GmWMC190","W4",85,99.5,55.5,119.25,295.5,208.75,221.75,836.5,489,514.25,852.75,689.25,781.25,768.75
"W4-086","GmWMC118","W4",86,46.75,33,82.5,221.75,147.25,146.25,763.5,292.25,297,685.75,373,438.25,445.25
"W4-087","GmJMC003","W4",87,45.3333333333333,23.6666666666667,66.3333333333333,106.666666666667,82.3333333333333,75.6666666666667,427,129.666666666667,139,360.333333333333,183.666666666667,216,216.333333333333
"W4-088","GmWMC001","W4",88,118.5,67.5,107.5,165.5,75.25,59.25,375,80.5,92.5,224,113.75,153.75,134.5
"W4-089","GmJMC101","W4",89,141.25,92.25,149.5,330.5,177.75,155.75,719.25,275.5,360.5,705.25,459.75,591.25,581.25
"W4-090","GmJMC110","W4",90,135.5,83.5,179,324.75,233,219.25,870.25,479.5,550.5,929.25,818.5,944.75,885.75
"W4-091","GmWMC123","W4",91,102.75,66.25,58.5,212.75,67,75.25,610.75,232.5,288.5,683.25,473.75,637.25,639
"W4-092","GmWMC087","W4",92,22.75,4.75,9.5,45.5,12,14.5,237.25,22.5,42,197.75,93,153,177
"W4-093","GmWMC148","W4",93,115,67,36,106,96.75,93.25,378,112.25,159,392.25,228.75,318.5,343
"W4-094","GmWMC084","W4",94,51.5,33.25,42.5,128.75,71.5,91.75,401.25,175.5,230.5,397.25,303.25,335.25,351.5
"W4-095","GmWMC010","W4",95,118,53.5,60.5,63.75,63.25,61.5,213.5,81.75,90.25,138.5,95.75,105,102
"W4-096","GmWMC045","W4",96,55,27.6666666666667,30.6666666666667,95.3333333333333,34,37.3333333333333,203.333333333333,103.333333333333,127.666666666667,253,257,309,293
"W4-097","C1290","W4",97,36,29,48.75,107.75,72.5,73.5,324.25,221.25,245.25,378.25,385,465,470.5
"W4-098","GmJMC051","W4",98,83.75,46.5,65,192,80,64.5,414.25,163.25,214,470,440.5,561,603.5
"W4-099","GmWMC038","W4",99,19.6666666666667,9.33333333333333,37,107.666666666667,67.3333333333333,61.3333333333333,328.333333333333,155.666666666667,179.666666666667,270.666666666667,247.666666666667,240.333333333333,264.666666666667
"W4-100","GmWMC162","W4",100,76.25,41.25,60,199,110.25,116.25,344.5,303,302.75,300.25,506,648.75,677
"W4-101","GmWMC176","W4",101,40,24.25,61.75,155,138.75,157,658.5,370,432.75,780.5,728.75,863,874.25
"W4-102","GmWMC115","W4",102,43.3333333333333,37.3333333333333,72,225.333333333333,188,182.333333333333,800.333333333333,449,539,939,742.666666666667,836,825.666666666667
"W4-103","GmWMC170","W4",103,19.75,16.25,44.75,141.75,126,147.75,570,356.5,424.5,697.5,616.25,738.5,758.25
"W4-104","GmWMC083","W4",104,51,38,63,166.666666666667,113.333333333333,100,787,321.666666666667,396.333333333333,829.666666666667,588,665.666666666667,648.333333333333
"W4-105","GmWMC163","W4",105,40.5,31.75,35.25,123,22,26.5,523.5,112.5,177.75,632,329.75,477.25,492.25
"W4-106","GmWMC178","W4",106,58.3333333333333,20,31.6666666666667,141.666666666667,39,28,548.333333333333,124,188,674.333333333333,395.666666666667,538,563.666666666667
"W4-107","GmJMC025","W4",107,39.3333333333333,42.3333333333333,62,217.333333333333,105.666666666667,79.3333333333333,816.333333333333,330.666666666667,390.666666666667,857,645.666666666667,784,764.333333333333
"W4-108","GmWMC042","W4",108,25.5,27,58.25,125,123.75,137.75,457.75,283.75,326.75,494.25,378.75,410.5,399
"W4-109","GmJMC056","W4",109,80,66.5,123.5,340.25,196.25,196,953.5,490.25,575,1039.75,797.25,902.5,800.25
"W4-110","GmWMC146","W4",110,53,46.25,119.5,321.75,223.75,219.5,1022.25,570.5,707,1189,1011.25,1235,1133.75
"W4-111","GmJMC009","W4",111,72.3333333333333,53.3333333333333,107.666666666667,262,160.333333333333,162,940.333333333333,357.333333333333,390.666666666667,789.333333333333,443,536,578
"W4-112","GmWMC074","W4",112,45,22.75,36.75,126.5,88.25,65.25,765.75,402.25,461,797.5,620.5,709.25,681.5
"W4-113","GmJMC161","W4",113,100.75,55.25,94.25,232.25,115.75,107,992.75,226,301.25,973.25,433,587.5,604
"W4-114","GmWMC071","W4",114,53.75,50.5,95.75,265.25,167.5,172.5,721.25,424.5,506,883.25,665.75,853.5,822.75
"W4-115","GmJMC023","W4",115,98.25,106.25,206.5,371.25,322.5,320,947,581.75,653.75,957,739.25,791,750.25
"W4-116","GmJMC008","W4",116,63.25,39,76,264.25,178.75,179.75,728.75,290.5,319.75,726.75,293.25,329.75,332.75
"W4-117","GmWMC165","W4",117,44.25,14.75,60.75,97.25,60,68.5,638.25,186.25,231,664.5,344.5,489.5,487.75
"W4-118","GmWMC011","W4",118,36.5,20,33,77,59.5,54.75,657,138.75,152,549,353.75,461,450.5
"W4-119","GmJMC043","W4",119,54.75,40.25,107.25,257.5,169.5,194.75,774.25,311,387.75,650.5,464.25,530,480.25
"W4-120","GmWMC166","W4",120,40.5,8.75,39.75,128.25,49,42.5,635.5,93.75,159.75,644.75,271.75,401.75,396.5
"W4-121","GmJMC030","W4",121,42.5,34.75,86,267.5,159.75,157.25,720.25,389.5,402.25,679,459,515.75,495.75
"W4-122","5002T","W4",122,34.6666666666667,16.6666666666667,47.6666666666667,107.666666666667,57.3333333333333,73.6666666666667,386.666666666667,178.666666666667,207,475,330,421.333333333333,433.666666666667
"W4-123","GmWMC075","W4",123,61.75,32,86.25,154.25,97.5,102,546.75,332.25,378.5,697.25,590,689.25,688.5
"W4-124","GmWMC173","W4",124,62,37.25,70.75,236.5,145,138,888.75,316.5,377.25,1020.5,561,696.5,664.5
"W4-125","GmJMC082","W4",125,50.3333333333333,43,80.6666666666667,144,85.6666666666667,92,600.333333333333,279.333333333333,341.666666666667,771.666666666667,629.666666666667,791,782.666666666667
"W4-126","C1322","W4",126,54,25.75,66,171,79,88.75,455.25,162.75,202.75,495,297.25,353,343.25
"W4-127","GmJMC064","W4",127,81.5,41.5,71.25,119.5,78,68.75,712,201.75,268,744,338,405.25,419.5
"W4-128","GmWMC175","W4",128,96.25,58.75,113.5,270.75,162.5,176.75,874.25,330.25,406.75,1047.25,593.75,754.75,735
"W4-129","GmJMC114","W4",129,87,48,103,173.5,130.75,121.25,567.25,211.25,255.25,710.75,360.5,502.75,538.75
"W4-130","GmJMC105","W4",130,115,48,75.6666666666667,179.666666666667,77.3333333333333,88,743.333333333333,168.666666666667,216.666666666667,740.333333333333,356.333333333333,462.333333333333,436
"W4-131","GmJMC040","W4",131,95,41,52.25,137.25,59.75,52.25,469.25,139,171.75,416.75,243.75,308.5,287
"W4-132","GmJMC034","W4",132,143.25,105.25,139.5,203.5,117.25,129.75,516.75,221,264.25,593.25,376,466.75,458
"W4-133","GmWMC185","W4",133,98.25,45.75,111.5,198.25,96.5,115.75,542,226.75,288.5,664.25,401.5,531,505.75
"W4-134","GmWMC027","W4",134,79,44,47.75,132.25,41.5,48,407.25,122.5,159.75,482,240,373,397
"W4-135","GmJMC130","W4",135,69,40.3333333333333,72,150,43.6666666666667,70.6666666666667,602.666666666667,180.333333333333,254,625.666666666667,404.333333333333,477.666666666667,453
"W4-136","GmWMC188","W4",136,53.25,40.75,99.5,305.25,187.75,210.5,874,584,645.25,1052,902,1136.5,1020.5
"W4-137","GmJMC007","W4",137,108.666666666667,82.3333333333333,112,304,182.333333333333,183.333333333333,778.333333333333,299.333333333333,338,636,396.333333333333,446,445
"W4-138","GmWMC046","W4",138,47.75,40.25,84.25,193.5,146,127.75,444.5,160,164.5,355.25,174.5,180.25,171.25
"W4-139","GmWMC035","W4",139,79.75,51.75,92.75,302,192.75,184.5,662.75,339.5,409,673.75,481,514.25,499
"W4-140","GmWMC186","W4",140,40,15.5,30.25,75.25,56.75,65,578.75,141.25,163.5,510.75,258.25,336.5,313.25
"W4-141","GmJMC050","W4",141,65.5,30,45.75,167.5,70.25,71.75,725.75,221.75,275.5,788.5,390,451.5,408.25
"W4-142","GmWMC107","W4",142,102,69.75,116.5,225.75,193.75,195.75,671,327.25,338.75,651.25,384.5,399.25,402.5
"W4-143","GmJMC098","W4",143,100,62.5,101.25,325.25,230.75,258.5,997,687.25,758.75,1239,1019,1195.25,1123.25
"W4-144","GmWMC089","W4",144,48.5,43.5,84,199,152.5,144,878.5,428.5,498.5,968,802,916,904
"W4-145","GmJMC179","W4",145,122.5,66.75,89.5,290.75,198.5,228.5,806,487.25,513.5,996.75,789.75,923,906.25
"W4-146","GmJMC005","W4",146,121.5,58.75,83.5,195,96,96.75,513.25,191,228,525.5,246.5,276.5,319.25
"W4-147","GmJMC117","W4",147,94,52.5,80.25,255.5,134.25,127.75,686.5,268.75,358.5,743.5,543.25,787.25,727
"W4-148","GmJMC167","W4",148,107.5,96.5,120,331.5,177,184,662,292,346.5,704,492,686,723
"W4-149","GmWMC018","W4",149,82.25,41,69.5,146,110.5,109,336,165.75,220,322.75,299.25,335.5,310
"W4-150","GmJMC106","W4",150,58,29.25,29.75,73.75,24.25,15,167.75,46.25,76.25,129.5,193,216,225.5
"W4-151","GmWMC073","W4",151,32,48.5,62.5,152,97,91.5,583.5,298.5,316,537,490.5,625.5,635
"W4-152","GmJMC017","W4",152,46.25,52.5,63.75,201.25,168,145,585.5,339.5,408.5,694.5,541.5,629.25,622.75
"W4-153","GmJMC104","W4",153,59,51.5,75.75,225.25,120.25,102.25,561.25,261.25,339.75,660.75,522.75,601.5,666.5
"W4-154","GmJMC004","W4",154,41.5,37.5,80.5,148.5,121.5,125,470,186.5,246.5,361,276,293,274.5
"W4-155","GmJMC047","W4",155,52.6666666666667,37.3333333333333,30.3333333333333,85,52.6666666666667,61,333,66,115,360.333333333333,203,236.666666666667,247
"W4-156","GmWMC125","W4",156,92,51.75,50,60.25,51.5,49.5,200,49.75,87.5,155.5,115.75,177.75,198.25
"W4-157","GmJMC060","W4",157,74.75,45.25,48.5,117,61.5,61.5,424,106,131,450,240.5,321.25,341.5
"W4-158","GmJMC076","W4",158,74,56.75,101.5,186.25,135.75,138.5,495.5,242,287.5,590.75,398.5,459,406.5
"W4-159","GmWMC132","W4",159,45.25,40.75,45.5,124.25,65.75,61.5,415.25,161.5,219.25,484.25,290.25,339.5,306
"W4-160","GmWMC168","W4",160,39.5,27.75,21.5,141.75,56.75,58.25,533.5,161.5,226.5,587,405.5,531.5,532
"W4-161","GmJMC177","W4",161,75,50.5,56.5,182,76,67.75,458,194.75,245.75,518.25,368.25,469.25,500
"W4-162","GmWMC164","W4",162,82,76.75,57.25,198.5,74.75,71.25,494.25,196.75,276.75,509.5,368.25,455.5,417.5
"W4-163","GmJMC096","W4",163,55.25,37,65.75,119.25,52.5,62.25,373.75,152.75,191.25,421.75,265.5,387.75,339.5
"W4-164","GmWMC191","W4",164,45.25,25.75,52.5,124,69.75,61.75,392.5,126.75,183.5,372.25,266.5,370.25,322.25
"W4-165","GmWMC159","W4",165,19.5,18.5,62.25,127.5,103.75,104.5,423.5,216.5,272.75,405.75,352,426,426
"W4-166","GmJMC100","W4",166,30.25,25.5,42.75,146.75,74,51.5,489.25,138.5,190,513,292.25,458.5,464
"W4-167","GmWMC189","W4",167,31.25,11.25,15.25,71,35.25,33.25,280.25,55.75,80,210,103.25,152.5,159
"W4-168","GmWMC019","W4",168,14.5,15.5,31,85.25,54.25,58.75,467.75,113,123.25,276.75,136.5,140.75,135.5
"W4-169","GmJMC088","W4",169,48.25,30.75,39.25,117.25,41.5,47.75,329.25,106.75,137,390.5,230.75,313.75,326
"W4-170","GmJMC116","W4",170,82,52.75,73.25,195.25,95.5,98,495.25,169.25,226.25,639,392.25,511.5,490.75
"W4-171","GmJMC133","W4",171,26,13,69.5,174.5,82,86,467.5,126.5,201,407,299.5,411,478
"W4-172","GmWMC014","W4",172,77.75,72.5,109,183,138.75,133.25,425.5,257.25,305,503.75,397.5,416.75,394.25
"W4-173","GmWMC120","W4",173,35,11.5,48.5,88.25,24.25,24.5,188.25,71.75,92,235.5,137,195.75,212
"W4-174","GmWMC134","W4",174,24.5,20.25,30,60.25,36.75,34.5,190.5,99,127.75,193.25,177.5,205.25,196.75
"W4-175","UA-4805","W4",175,65.5,33,62,120,57,69,375.5,133.5,195,348.5,264,344.5,354.5
"W4-176","GmWMC119","W4",176,62.25,42.75,26.25,79.75,37.5,45.25,198,89.75,113.5,185.75,155.25,182.75,185.75
"W4-177","GmWMC143","W4",177,68.5,44.25,105.75,167.75,128.5,135.75,443.25,182,227,556,308.5,397,391.5
"W4-178","GmWMC181","W4",178,46.25,24,23.25,119.5,51.5,62.25,229.5,88,117.75,286.5,155.25,272.5,271.25
"W4-179","GmWMC157","W4",179,14.75,15.25,31.25,57.25,25,23,154.75,63.25,66.75,152.75,128,187.5,223.25
"W4-180","GmJMC058","W4",180,38.5,28.25,49.25,53.75,32.5,41.75,241.75,71.25,90.5,255.75,137.5,210.25,242.75
"W4-181","GmWMC174","W4",181,35.6666666666667,23.6666666666667,26.6666666666667,95.6666666666667,19.6666666666667,27.6666666666667,154.666666666667,47.6666666666667,62.6666666666667,144,91.3333333333333,138.333333333333,153
"W4-182","GmJMC158","W4",182,28.75,24,29.5,81.5,31,31.5,167,47.25,54,153.75,87.5,168,217.75
"W4-183","GmJMC079","W4",183,71.75,59,38,83,41.5,46.75,216.5,91,111.25,211.5,138,193,191.25
"W4-184","GmWMC020","W4",184,NA,NA,NA,NA,NA,NA,NA,NA,NA,NA,NA,NA,NA
"W4-185","GmWMC113","W4",185,7,20.3333333333333,49.6666666666667,86.6666666666667,59,62,226.333333333333,134.666666666667,149.666666666667,242.333333333333,222.333333333333,266.666666666667,265.333333333333
"W4-186","GmJMC063","W4",186,37.3333333333333,28.3333333333333,60.3333333333333,79.3333333333333,60.3333333333333,79,302,145,164,364,287.333333333333,330,377.333333333333
"W4-187","GmJMC049","W4",187,26,18.5,10.75,105,35,36.75,288.75,105.75,137.25,408.25,261.25,344.75,344
"W4-188","GmWMC192","W4",188,21.75,13.25,29.25,168.75,82.75,88.5,381.75,227.25,256.75,449.75,380.75,481.75,481
"W4-189","GmJMC026","W4",189,41.5,26.5,44.25,161.75,67.75,58.25,390.75,207.75,239,501.75,384,447.25,422.5
"W4-190","GmJMC069","W4",190,83.5,40.5,34,153.75,70,70.5,432,155.5,216.75,511.5,318.75,394,330
"W4-191","GmWMC012","W4",191,47.5,43,53.5,150.5,57,61,621,282.5,345,657,460,498,418
"W4-192","GmJMC080","W4",192,72,54.5,80,201.25,150.75,153.75,667,318.75,364.25,714.75,539.75,616.5,582.75
"W4-193","GmJMC145","W4",193,77,68.5,57.75,213,79.75,68.25,608.5,243.25,327.5,661.5,496.5,706.25,663.75
"W4-194","Tachiutaka","W4",194,50,41.5,56.75,151,80.75,88,544.5,223.75,271.75,614.25,370.5,472.75,529.75
"W4-195","GmWMC066","W4",195,67,53,75.75,226,134,131.75,558.75,330.5,367.75,655.75,490,557.75,557
"W4-196","GmJMC093","W4",196,101,78.5,97,217,187.5,188.5,570.75,367,427.75,580.25,508.75,622.5,590.25
"W4-197","GmJMC085","W4",197,99.5,69.75,68.75,185.25,158.25,149.75,443.75,295.25,340.5,588.75,514.5,675,719.75
"W4-198","GmJMC067","W4",198,51.25,37.5,45.75,162,40,20.5,340.25,127.25,190.25,361.75,372.5,473,508.25
"W4-199","GmJMC078","W4",199,87,55,44.25,162.5,75.25,71.25,207.5,133.25,191,162,296,377,386.75
"W4-200","GmJMC099","W4",200,68.5,44.75,66.75,143.25,108.25,90.25,269.5,189.5,248,168.75,367.5,471.5,463.25
"W2-001","GmWMC019","W2",1,27,29.75,106.25,215.5,241.75,274.75,774.5,506.25,454,773.75,660.75,703,639.25
"W2-002","GmWMC129","W2",2,79.25,79.25,203.75,339.75,311.5,271.5,1102.75,621.75,557.75,1137,997.5,1210,1051.5
"W2-003","GmWMC192","W2",3,27.25,28.25,82.25,225.75,226,256.75,951.25,543.25,504.75,985.25,950,1107.75,1064.5
"W2-004","GmWMC024","W2",4,71.75,86.5,184.75,349.75,353.25,401.75,1067.25,740.75,650.25,1191,1079.25,1193.75,1079.75
"W2-005","GmJMC088","W2",5,NA,NA,NA,NA,NA,NA,NA,NA,NA,NA,NA,NA,NA
"W2-006","GmJMC133","W2",6,28,20.5,50.25,219,143,138.75,680,373.75,361.25,770.5,680.75,840,913.25
"W2-007","GmJMC104","W2",7,98,113,186,391,388.5,386.25,1128.5,877.75,798.25,1295.25,1288,1370.75,1285.25
"W2-008","GmJMC047","W2",8,43,59.5,77.25,266.75,154.25,171.5,911.25,484.75,428,1013.25,836.75,966.25,979
"W2-009","GmWMC071","W2",9,65.25,59.25,167,337,352.75,389.25,1046,768.25,733.75,1224,1130.25,1241.75,1204.25
"W2-010","GmWMC182","W2",10,31.75,36.75,74,253.5,238,231.5,1083.75,616.25,606.5,1223.25,1096,1286.5,1340.75
"W2-011","GmWMC143","W2",11,65,69.25,192.75,440.25,454.25,509.25,1304,956.75,863.5,1466,1406,1523,1408.25
"W2-012","GmJMC052","W2",12,58.25,42.5,148.25,395.25,311.5,293.25,1179,771,713.75,1116.75,1031.25,1043.5,988
"W2-013","GmJMC040","W2",13,58.25,65.75,183.25,415.25,444.75,456.25,1265,933.75,833.75,1370.5,1329.25,1611.25,1630.25
"W2-014","GmWMC175","W2",14,69.75,93.25,231.5,444.5,482.75,512.5,1204.25,995.25,903.5,1479.75,1486.5,1735.5,1732.75
"W2-015","GmJMC096","W2",15,61.25,69.5,182,422.25,429,465.5,1197.5,937.5,857,1302.5,1347,1481,1406.25
"W2-016","GmJMC009","W2",16,62,60.5,85.25,236.75,211.25,231,714.25,461.25,432,590.75,626.25,677,701.25
"W2-017","GmWMC153","W2",17,67.25,74.75,167.75,245.75,292.5,305,842,609.5,549.75,932.5,920,1077,1124.25
"W2-018","GmWMC010","W2",18,83.5,81,227.25,355.5,390.75,415,1029.5,670.75,568.25,961,789,868,842.75
"W2-019","GmJMC080","W2",19,50.25,47.75,114.5,236.75,243.75,269.25,840.25,623,568.75,1032.5,1020.25,1151,1208.75
"W2-020","GmWMC074","W2",20,40.25,20.75,112.75,170.5,149.5,134,665,426.25,406.25,739,694,814.75,836.75
"W2-021","GmWMC140","W2",21,25.5,39,114.5,211.75,257.75,233.75,737.5,581,567.75,949.75,958,1201,1237.75
"W2-022","GmJMC076","W2",22,81,90.75,302.75,518.75,599.25,643.25,1302.25,1138.5,1024.25,1695.5,1595,1798.25,1822.5
"W2-023","GmJMC059","W2",23,63,60.75,255.25,472,522,541,1246,1088.25,951.25,1503.75,1569.75,1708.75,1774.75
"W2-024","C1329","W2",24,46.25,50.25,201.75,407.25,443.75,494,1340.5,1012,896.5,1521.75,1551.5,1711.75,1722.5
"W2-025","GmJMC039","W2",25,80,94.5,206.25,457,467.5,473.25,1543.75,1031,899.75,1536.75,1453,1557.25,1516.5
"W2-026","5002T","W2",26,27.6666666666667,36.3333333333333,231.333333333333,315.333333333333,351.666666666667,362.666666666667,1170,762,736.666666666667,1275.66666666667,1179.33333333333,1308,1223
"W2-027","GmJMC021","W2",27,71,119.25,285.5,465,565.25,572.75,1428.5,1016.25,852.5,1296,1120.75,1121.25,1078.5
"W2-028","GmWMC134","W2",28,30.25,41.5,117.5,175.25,208.5,222.75,853.75,453.75,406.5,665.25,687.5,818,854.75
"W2-029","GmJMC139","W2",29,62.5,88.5,263.5,445,527.75,523.25,1462.25,1031.5,948.5,1613.25,1510.25,1689.5,1776.25
"W2-030","GmJMC126","W2",30,81.75,102,286,494.75,562.75,599.25,1507.25,1201.25,1053.5,1785.75,1674.5,1933.25,1996.25
"W2-031","GmJMC105","W2",31,78.75,107,260.25,403.5,512,465.25,1570.25,1061.5,946.25,1563.75,1547.75,1725.5,1848
"W2-032","GmJMC031","W2",32,72.25,76.25,224.75,448.5,540.5,581.75,1547.75,1163.25,1050,1743.75,1700.25,1798,1923.25
"W2-033","GmWMC014","W2",33,43,68,160.333333333333,272.333333333333,297.333333333333,313.333333333333,1015.33333333333,555.333333333333,520.333333333333,966.666666666667,856.333333333333,950.666666666667,1060.33333333333
"W2-034","GmJMC068","W2",34,63,104,239.25,416.5,499.5,513.5,1439,1051.5,942.5,1452,1438.5,1679.5,1650.75
"W2-035","GmWMC142","W2",35,43.25,51,124,409.25,366,405.75,1410,875.25,777.25,1506.25,1274,1511.5,1661.25
"W2-036","GmJMC053","W2",36,53.75,42,103.25,306,239,220.75,1370.5,567.75,553.5,1139.25,933,1123,1128.5
"W2-037","GmWMC070","W2",37,44.5,62.75,122.5,320.75,304.5,302.75,1042.25,583.5,555.25,984.5,772.75,779.25,782.5
"W2-038","GmWMC020","W2",38,NA,NA,NA,NA,NA,NA,NA,NA,NA,NA,NA,NA,NA
"W2-039","GmJMC100","W2",39,42.75,53.25,140.75,393.5,415,418.25,1349.5,933.25,860.75,1545.5,1393.25,1610,1735.25
"W2-040","GmWMC001","W2",40,53,58.25,178.25,252.25,282.75,276.25,722.25,372,339.25,510.5,422.75,409.25,434.75
"W2-041","GmJMC128","W2",41,30.6666666666667,32,125,195,216.666666666667,219.333333333333,893.666666666667,548.333333333333,494,1028,868.333333333333,1036.66666666667,1166
"W2-042","GmJMC082","W2",42,28.25,44.25,144.25,169.25,242,251,821,562.75,527.5,922.5,1008.75,1191.25,1270.75
"W2-043","GmWMC151","W2",43,36.5,24,116.5,348.75,388,414.25,1238.75,881.75,815.5,1495.75,1374.25,1689,1884.25
"W2-044","GmJMC172","W2",44,23.25,29.5,83.75,247,223.5,229,940.75,652.25,592.25,1213.25,1116.25,1376,1564.5
"W2-045","GmJMC056","W2",45,41.75,55,146.75,305.75,325.5,302,1039.5,647.5,628,1139.5,1026.5,1165.25,1228.5
"W2-046","GmWMC125","W2",46,79.5,105.5,304.5,539.75,615,634.5,1510,1226.75,1120.5,1807.25,1803.5,2081.75,2222.5
"W2-047","GmJMC058","W2",47,26.5,43.5,112,262.5,246,250,1008,702.75,627.25,1279.5,1146.75,1384.5,1558.5
"W2-048","GmJMC117","W2",48,48.5,58.5,151,352.5,407.5,394.5,1273,865.5,767.75,1269,1286.25,1605.25,1675.5
"W2-049","GmJMC005","W2",49,61.5,62.25,167.75,294.75,330.75,338,860,623.25,573.25,775.5,785.25,778,820.5
"W2-050","GmJMC060","W2",50,45.25,44,190.5,458.25,461.75,498,1082.5,939,887.5,877.25,1306.5,1440.25,1645.25
"W2-051","GmWMC087","W2",51,7.75,10.25,24.25,114,63.5,50.75,479.5,213.75,208.25,480.25,523,623.5,702.5
"W2-052","GmWMC178","W2",52,48,48.5,108.25,302,318.75,303.5,866.25,661.5,651,1102.25,1222.5,1415.25,1611.25
"W2-053","GmJMC055","W2",53,21,9.66666666666667,67.3333333333333,147,128.666666666667,114.666666666667,512.333333333333,266.666666666667,272.333333333333,443.666666666667,514.666666666667,601.333333333333,672
"W2-054","GmJMC062","W2",54,99.5,99,210.25,477.5,481.5,502.25,1170.25,912.5,816.25,1277.75,1334.25,1488.5,1729.5
"W2-055","GmJMC025","W2",55,48.5,48.25,90.25,373.75,265.5,260.5,976.5,643,583.25,990.25,994.25,1055.25,1078.25
"W2-056","GmJMC079","W2",56,69.25,56.5,90.25,260.75,218,227.25,682.75,468.25,406.25,741.75,757.5,898.25,957.5
"W2-057","GmJMC102","W2",57,83,138,195,415,401,428,1346,834,718,1319,1223,1497,1796
"W2-058","GmWMC148","W2",58,79,147.5,250.25,494,513.5,535.25,1167.75,1003.75,967.5,1420.75,1495.75,1580,1724.5
"W2-059","C1290","W2",59,24,62.75,171.75,356.75,392,455.75,967.75,816.25,764,1216,1284.5,1495.75,1657.75
"W2-060","GmWMC191","W2",60,38.25,48,175.25,356.75,400.25,409.75,1115,833,799,1244.75,1350,1466.5,1820.25
"W2-061","GmWMC035","W2",61,60.25,95.75,277.5,530.5,641.5,677.75,1461,1138.75,1177,1776.75,1726.5,1752.25,2024.5
"W2-062","GmWMC174","W2",62,60,59,244.25,574.5,618.5,709.5,1610.25,1309.5,1250.25,2029,2023.75,2329,2597.5
"W2-063","GmWMC072","W2",63,77.5,93.25,279.75,501.25,549.5,560.5,1334,1108,1035.75,1712.5,1771.75,1935,2137.25
"W2-064","GmJMC110","W2",64,57.75,121.5,350.25,490.25,654.75,688.5,1419,1284.25,1180.75,1687.25,1901,2103.5,2458
"W2-065","GmJMC030","W2",65,21,52.25,138.75,305.5,355,379,964,721.25,666.5,1009.5,980.25,971.5,1054.5
"W2-066","GmWMC155","W2",66,11,43.5,159.5,341.25,370.5,432.75,1187.75,888.25,860.75,1373.5,1518.75,1723,1887
"W2-067","GmWMC086","W2",67,37.25,46.25,163.75,372.5,408.5,480.75,1210.5,718.5,657,1082.75,929.75,886,1013
"W2-068","GmWMC164","W2",68,59.75,87.25,272,392,462.25,478.25,1145.25,969,879.5,1372,1458.75,1674.25,1774.25
"W2-069","GmWMC146","W2",69,22,24.75,118,177.5,211.75,228.5,688.5,609.5,535.5,815.75,871.75,1047.5,1126.75
"W2-070","GmWMC038","W2",70,25.25,47.25,194,386,429.5,503,1169.75,870,833.25,1287,1216,1292.25,1338.75
"W2-071","GmWMC138","W2",71,38.5,69,214.75,397.5,442.5,494.75,1092.25,891.5,843.25,1318,1356.5,1514,1669.5
"W2-072","GmWMC186","W2",72,17.5,43.5,121.75,370.75,336.75,344.25,983.25,736,708.5,1179.5,1258.25,1444.75,1735.5
"W2-073","GmWMC183","W2",73,51.5,72,292.5,518.5,516.5,612,1642,1267.5,1172.5,2040,2422.5,2842,3235
"W2-074","Tachiutaka","W2",74,60.25,72.75,187.5,358.25,394,362.75,1123,808.75,783.5,1187.25,1199.75,1257,1432.25
"W2-075","C0394","W2",75,52.75,77.75,229.75,414.25,465.5,483.25,1026.5,800,765,1226.5,1273.75,1388,1552
"W2-076","GmJMC069","W2",76,77,97.25,316.25,601.5,692,733.5,1606.75,1252.5,1184.25,1776.5,1802,1856.75,1951.25
"W2-077","GmWMC189","W2",77,44.75,54.25,159.75,342.5,413.75,445.25,976.75,768.25,726.5,1092.5,1123.75,1338.75,1467
"W2-078","GmJMC149","W2",78,80.25,143,321.5,607.75,708.5,737.25,1658.75,1316.5,1212.75,1955,1964.75,2164.75,2345.5
"W2-079","GmJMC131","W2",79,78.5,102,270.75,496.75,516,572,1371,1088.25,1067,1665.5,1742.5,1855.75,2107.25
"W2-080","GmJMC023","W2",80,84.6666666666667,155.333333333333,349.333333333333,438.333333333333,535,529,1411.66666666667,1094,998,1486,1437.33333333333,1459,1560
"W2-081","GmWMC018","W2",81,34,71.5,157.5,249.5,278,304.5,920,672,635.5,1025,1084.5,1155,1250.5
"W2-082","GmJMC033","W2",82,60,82,207.666666666667,322,387.666666666667,415.333333333333,1469.33333333333,670.666666666667,635.333333333333,1216.33333333333,912,933.333333333333,1059
"W2-083","GmWMC176","W2",83,50,66.5,172.5,388.25,434.75,473,1122.5,881.25,849,1308.5,1393.25,1637.75,1774.5
"W2-084","GmJMC032","W2",84,31,46,85.75,225,181.5,160.75,649,511.5,467.25,717.25,736.75,837.75,948
"W2-085","GmWMC118","W2",85,38.25,51.25,146.25,306,324,356.25,914,671.25,600.5,1043.5,999.5,1069.75,1235.75
"W2-086","GmWMC083","W2",86,24.3333333333333,27,89.6666666666667,145.666666666667,138.333333333333,128.666666666667,521.666666666667,338.333333333333,303,449.333333333333,536.333333333333,635.333333333333,712
"W2-087","Houjaku Kuwazu","W2",87,69.5,68.25,105,244.5,240.75,225.25,870.25,543.75,512.25,918.5,873,1037.75,1062
"W2-088","GmJMC064","W2",88,35.5,33.5,66.25,133.75,77.5,82.25,725.75,226,213,587.25,410,530.25,619.25
"W2-089","UA-4805","W2",89,54,28.3333333333333,103.666666666667,161.333333333333,128.666666666667,129.333333333333,605.666666666667,292,274,555.666666666667,484.333333333333,608.666666666667,718
"W2-090","GmWMC109","W2",90,30.75,33,84.5,137,114,118.25,508.25,206.25,211.25,498,468.75,592.5,652
"W2-091","GmJMC049","W2",91,35.25,41.75,85.25,243.5,202.75,187.5,770.25,548.5,529.25,907.75,911.75,1036.25,1122
"W2-092","GmJMC114","W2",92,35.75,48.5,134.5,328.25,311.75,316.5,928,649.5,596.75,1047.25,1086,1317.5,1401.75
"W2-093","GmJMC085","W2",93,38,36.75,70.5,153.75,166.5,166,665.75,421.75,400,846.25,860.25,1044.5,1137.75
"W2-094","GmWMC147","W2",94,49,39.25,147,375.75,432.5,446.25,1211.5,934.75,891,1445.25,1534.75,1770.25,1962.75
"W2-095","GmJMC091","W2",95,83.5,82.25,250.5,391,451,489.75,1077.5,909,814.5,1222.25,1341,1629.5,1714.25
"W2-096","GmWMC157","W2",96,10.5,15.75,42.25,139,147.5,119.25,443.75,353.25,348,477.25,772.75,888.75,1038.25
"W2-097","GmJMC007","W2",97,54.25,81.25,213.25,351.25,395.75,398,844.5,619.25,562.5,765,747.75,765.25,797
"W2-098","GmWMC173","W2",98,31,60,184.25,401.5,441.5,520,1075.25,938.75,907.25,1248.25,1485.75,1725.75,1852.25
"W2-099","GmJMC090","W2",99,NA,NA,NA,NA,NA,NA,NA,NA,NA,NA,NA,NA,NA
"W2-100","GmJMC145","W2",100,47.5,57,185,371.75,422.75,444.5,1080.75,863.25,801.75,1086.5,1358.75,1412.5,1439
"W2-101","GmWMC135","W2",101,82.75,64.5,170.25,437.25,392.25,343.75,1539,823,737,1816.25,1274.25,1629.25,1553.25
"W2-102","GmJMC093","W2",102,76.5,104.25,226.5,474.75,511.25,501,1475.75,1050.75,975.75,1640,1411.25,1625.5,1753.25
"W2-103","GmWMC094","W2",103,78.25,80.5,175.25,370.25,394.25,377.25,1210.25,892.25,779.75,1465.25,1181.25,1425,1487.25
"W2-104","GmWMC190","W2",104,52.25,68.5,200,452.25,481.5,498.75,1427.75,945,832.25,1555.5,1244.75,1482.75,1534.5
"W2-105","GmWMC046","W2",105,69,96.5,209.25,399,361.75,363.75,950,454.25,422,796.25,520,565.5,637.25
"W2-106","GmJMC158","W2",106,42.5,66.25,214.5,509.5,517.25,566.25,1392.5,1039.25,965.75,1928.75,1599.75,1888.25,2021
"W2-107","GmJMC167","W2",107,71.5,97.75,258,587.5,618,665,1750,1213.75,1080.25,2060.25,1748.5,1991,2115.25
"W2-108","GmJMC111","W2",108,68.5,66.5,239.25,465.5,517,553,1531.75,1111.5,997.25,1882.25,1675.5,1930,2225
"W2-109","GmWMC162","W2",109,56.5,73.5,206.5,459.75,519.25,549.75,1520.75,1006,940.25,1953.75,1628.25,1964.25,1948
"W2-110","GmJMC028","W2",110,47.75,40,153.5,395.75,336.75,339.25,1210.75,798.75,773.25,1536,1319.5,1579.25,1665.25
"W2-111","GmJMC051","W2",111,80.25,146,371.25,675,747.5,827.5,1831,1202.5,1039.75,1959,1575,1712.25,1663.5
"W2-112","GmJMC034","W2",112,99,187.25,460.75,667,750,854.5,2021.75,1398.25,1200.75,2107.75,1738.5,1761.5,1901.75
"W2-113","GmJMC106","W2",113,51.25,66.25,227.5,501,542.25,603.5,1542.5,995.5,840.75,1825,1487,1697,1771.25
"W2-114","GmWMC165","W2",114,12.25,18,128.5,381,351.25,342.25,1379.25,815,712.75,1487.75,1201.25,1306.75,1302.75
"W2-115","GmJMC095","W2",115,75.25,90.25,392,601.25,705.25,736.75,1884.5,1287.5,1065,2085.5,1677.5,1867,1853
"W2-116","GmJMC041","W2",116,28.5,59.75,265,442.5,449.5,491,1449.75,788.75,646.5,1264.75,928.25,890.75,912.5
"W2-117","GmJMC016","W2",117,77.75,102.25,328.5,502,599,643.25,1570,1029.25,836.75,1506,1171,1230.5,1189.25
"W2-118","GmWMC156","W2",118,30.25,52.75,191.25,428.75,469.25,500.5,1321.75,976.5,825,1594.5,1381.25,1559.25,1541.75
"W2-119","GmWMC012","W2",119,32,47,168,299.25,345.5,363,987.75,755.25,687,1224.5,1075,1186.5,1203.75
"W2-120","GmWMC115","W2",120,41,80.75,255,418.25,464.25,520.75,1233.25,869.25,716,1431.5,1161.25,1230.75,1297
"W2-121","GmJMC099","W2",121,51.5,84,331.25,575.75,595,673,1652.25,1147.75,975,1886,1560.25,1657.75,1698.5
"W2-122","GmWMC108","W2",122,13,13.5,119.75,311,339.5,336.75,1301.75,690.25,518.75,1172.5,860.5,989.75,1016
"W2-123","GmJMC063","W2",123,21,11.25,65,243,268.25,272.25,1154.25,617,548.25,1194.75,1017.25,1091.5,1164.25
"W2-124","GmWMC144","W2",124,60,47.25,207.25,488.5,499,494.5,1487.75,914.5,783.25,1540.5,1230.75,1423.25,1371.75
"W2-125","GmJMC043","W2",125,49,40.5,164.25,473.5,444,456.75,1569.75,939,724.75,1510,1129.25,1116.75,1068.5
"W2-126","GmJMC121","W2",126,93,138,458.5,648.75,678.5,741,1589.75,1044.5,849.25,1635,1294.75,1479.25,1461
"W2-127","GmWMC015","W2",127,55.75,100.5,385.25,623.25,700.75,773,1686.25,1098.5,879,1683.5,1330.5,1385.75,1383.75
"W2-128","GmJMC002","W2",128,108,138.25,321.25,419.5,400,433.5,901,455.75,375.75,695,473.75,489.5,537
"W2-129","GmJMC044","W2",129,98,132.25,442.25,616.25,657.25,680.5,1550.5,935,738.75,1404,1088.5,1093.75,1065.5
"W2-130","GmWMC107","W2",130,77.75,89.5,298.5,533.75,586.5,624.75,1488.5,966.5,768.5,1440.25,1093.5,1112.5,1196.25
"W2-131","GmJMC017","W2",131,102.25,116,364.25,625,674.75,740.25,1596.5,1086.25,920,1650.25,1385,1560.25,1555.5
"W2-132","GmJMC013","W2",132,31.25,43.25,135.25,361.75,381.75,402.25,1180,743.25,639.5,1257.5,1036.25,1085,1144.75
"W2-133","GmWMC185","W2",133,56.5,68.25,225.5,411.75,480,488.5,1407.25,876.25,747.25,1421,1173.25,1352,1561.5
"W2-134","GmJMC077","W2",134,64.25,77.5,306,528,584.75,628.75,1643.5,1098.5,955,1733.5,1461.5,1627.5,1753.5
"W2-135","GmJMC065","W2",135,35.75,68.5,171.25,373,356.5,314.25,1359.5,707.75,653.75,1215.25,1095.75,1190.5,1264.75
"W2-136","GmWMC084","W2",136,36.5,46.75,143.75,320.5,338.5,364,1149,693.75,633.5,1186.75,1023.75,1129.25,1204.5
"W2-137","GmJMC054","W2",137,39,43.75,108.25,369.25,350.5,375.5,1357.25,866,828,1658.25,1451,1663,1841.25
"W2-138","GmWMC022","W2",138,37.25,52,176.5,366.25,426.75,484.5,1278.5,869.75,764.5,1366,1198.5,1320,1468.75
"W2-139","GmWMC073","W2",139,23,15,101,175,195,204.75,894,397.5,387.5,874,626,734.75,791.5
"W2-140","GmJMC161","W2",140,74.25,77.25,299.25,581.25,626.5,632.75,1843.5,1172,975.25,1838,1480.25,1820.25,1832.75
"W2-141","GmJMC081","W2",141,32.25,40.75,149.75,343.25,367.75,404,1088,615.5,533.5,1194.5,974.5,1160.75,1323.5
"W2-142","GmWMC120","W2",142,42,29,119.75,365.25,318,275,1212,633.75,613.25,1275.25,1036.25,1170.25,1311
"W2-143","GmWMC036","W2",143,18.25,31.5,129,278.25,304.75,361,859.75,627.75,560.75,960.75,794.25,832.25,890.75
"W2-144","GmJMC130","W2",144,13.5,16.5,103,224.25,243.5,245.5,780,349.25,339,737.75,559,680.5,703.25
"W2-145","GmJMC008","W2",145,77.25,86,225,455.75,469.75,485,1056.75,645.75,569.25,909,733.75,723,794.75
"W2-146","GmJMC177","W2",146,44.5,65,188,512.25,527,586.25,1384,1048.25,965.75,1907.5,1655,1958,2181.5
"W2-147","GmWMC168","W2",147,41,34,171.25,479,500.5,540,1378.25,1068.25,967,1721,1667.5,1930.75,2203
"W2-148","GmWMC141","W2",148,26.25,32,102.75,309.5,306,340.25,1042.75,742,664.75,1111.25,1125.75,1237.5,1484.5
"W2-149","GmWMC113","W2",149,NA,NA,NA,NA,NA,NA,NA,NA,NA,NA,NA,NA,NA
"W2-150","GmJMC092","W2",150,56.75,77.75,182.25,475,438.5,413.5,1270.75,776.25,671.5,1180,1076,1192.75,1342
"W2-151","GmWMC132","W2",151,63,70.25,201,362.5,381.25,391.5,1528.5,780,715.5,1583.5,1138.25,1295,1460.75
"W2-152","GmWMC181","W2",152,42,39,108.25,202,202.25,188.75,969.75,419.5,393,1032.75,694.75,834,856
"W2-153","GmWMC029","W2",153,31.25,49,121.75,348,333.5,336.75,1187.75,687.5,647.25,1236.75,952.75,1043.75,1097
"W2-154","GmJMC116","W2",154,79.75,78.25,389,679,717,759.5,1996.25,1346.5,1255.75,2233.25,1821.25,1839.25,2168.25
"W2-155","GmWMC160","W2",155,26.75,31.5,163.5,305,341.75,337,1166,736.75,696.5,1330.25,1105,1347.5,1593
"W2-156","GmJMC179","W2",156,92.75,151,392.25,707,773.75,850.5,1861,1422.5,1322.5,2155.5,1988.75,2148.5,2468.5
"W2-157","GmWMC169","W2",157,82,97.5,301,472,575.25,612.5,1361,960.5,937.25,1451.25,1175,1139.5,1362.25
"W2-158","C1322","W2",158,38.5,49,203.5,348.5,398.5,379.5,1390,826.5,746.5,1820.5,1284,1480,1591.5
"W2-159","GmJMC050","W2",159,51,61,236,448.75,559.25,554.75,1352.5,989,859.25,1324.25,1189.25,1234,1391.5
"W2-160","GmJMC003","W2",160,96,118.5,357.75,550.25,563.25,605,1280,770.5,699.5,1078.5,892.25,898.75,972.75
"W2-161","GmWMC150","W2",161,21.5,27.5,99.25,161.75,175.25,198.5,919.75,506.75,531.25,918.5,863.75,971.5,1141
"W2-162","GmJMC180","W2",162,43.75,74.5,223,378.5,425.75,434.5,1281.5,858.75,862,1434,1405.75,1420.75,1569.25
"W2-163","GmWMC066","W2",163,51.25,85.75,237,397,443.5,484.25,1401.75,891.25,921.5,1661.25,1368.5,1455.5,1853
"W2-164","GmWMC089","W2",164,67.5,94.25,340.25,570.25,621.25,680.5,2088,1203.25,1025,1926.5,1424,1376.5,1449.75
"W2-165","GmWMC006","W2",165,44,42.3333333333333,111.333333333333,236.666666666667,262.666666666667,244,1532,673.666666666667,755.666666666667,1305,1174.66666666667,1169.33333333333,1501.33333333333
"W2-166","GmWMC171","W2",166,33.75,31.5,136.5,257.5,281.75,304.75,1069,622.5,581.25,1242.25,981,1067,1222.25
"W2-167","GmWMC154","W2",167,62.25,86.75,204.25,357.75,402,463,1307.75,924,934,1443.25,1383.75,1465.75,1648
"W2-168","GmWMC048","W2",168,70.5,56.5,195.5,349.5,441,455,1472.5,1030.5,1081.5,1839.5,1929,2132.5,2472
"W2-169","GmWMC159","W2",169,31.25,32.5,98.25,190,240.75,255.75,696,571.25,512.75,908.25,884.25,1066,1224.5
"W2-170","GmJMC078","W2",170,77.75,59.75,144,342,358.75,316.5,1111.75,763.75,791.25,1201.75,1259.75,1359,1547.25
"W2-171","GmJMC112","W2",171,66.75,55.5,169.25,442.75,427.75,396,1438,892,881,1461,1432.5,1617.75,1875.75
"W2-172","GmWMC042","W2",172,25.25,32,90,179,204.5,250.25,696.5,540.25,531,818.25,714,802.25,885
"W2-173","GmWMC136","W2",173,37.25,26,59.75,287,283.75,284.75,1206,656.25,625,1271,1124.5,1298.5,1506.75
"W2-174","GmWMC170","W2",174,20.75,23.5,83,211.25,218.75,243.75,867.75,572,622.5,1016,1040.25,1221.5,1510.75
"W2-175","GmWMC011","W2",175,37.5,45,137,288.5,389.5,386,2009.5,904.5,859.5,1643,1399.5,1424.5,1721
"W2-176","GmJMC137","W2",176,95.5,135,258.5,446.75,503.75,490.25,1587.25,1013.25,1050.75,1700.75,1608,1700.75,1995.75
"W2-177","GmJMC037","W2",177,68,69.75,192.5,383.75,421.5,458.75,1287.5,749.75,851.25,1229.5,1222.75,1325.25,1529.25
"W2-178","GmJMC098","W2",178,49.25,65.5,181,377.75,397.25,427,1128.25,765,754.75,1307,1244.25,1456.75,1624.25
"W2-179","GmJMC101","W2",179,118.75,169.5,311.5,591.25,599.75,644,1852.75,1196.5,1162.25,1890.25,1755,1800.75,2082
"W2-180","GmWMC187","W2",180,38.5,42.5,94.75,232.5,213.25,211,770.75,480.25,525.5,975,903.25,1034.25,1260.5
"W2-181","GmWMC027","W2",181,56,57,106.5,307,279,237.5,1172.75,633.75,661,1333,1088.5,1214.75,1480
"W2-182","GmWMC045","W2",182,47,42,160,243,325,336,1497,737,866,1746,1587,1779,2140
"W2-183","GmWMC152","W2",183,63.5,60.25,190.75,431.75,430.75,424.25,1413,863.5,843,1555.5,1393.5,1642.25,1916
"W2-184","GmWMC188","W2",184,44.75,54.5,136.75,341.5,347.5,373.5,1110.75,732.25,689.75,1225.25,1166.5,1316,1526
"W2-185","GmJMC004","W2",185,79.25,74,164.25,300.5,358,396.75,1084.5,609.75,550,879,730.5,719.5,799.75
"W2-186","GmWMC122","W2",186,26,50,135,278.5,354,389,1356,790,853,1687,1571,1813.5,2111
"W2-187","GmJMC057","W2",187,38.5,39,77.75,281,221.25,236,945.5,533.5,535.5,1075,906.5,1014.75,1132
"W2-188","GmWMC127","W2",188,34.25,44.75,189.5,412.5,448.75,517.75,1374,932,889.75,1514.25,1441.75,1689.25,1842.75
"W2-189","GmJMC061","W2",189,59.25,79.75,185.25,411.75,445.5,472,1530.5,928.5,866.75,1656,1439,1677.5,1923.5
"W2-190","GmWMC124","W2",190,20,23.5,90.25,240.5,249.25,225,1031.75,596.25,577.5,1269,1190.25,1336.75,1507
"W2-191","GmWMC166","W2",191,23.5,19,77.5,182,197,222.5,875,529.5,527,1212,1113.25,1320.5,1551
"W2-192","GmWMC123","W2",192,96.75,121.75,283.75,464,522,565.75,1429.5,1006.5,923.75,1764.25,1558.25,1815.75,2075
"W2-193","GmWMC163","W2",193,47.5,40,161.75,356.25,377.75,430.25,1129.5,834.5,756.75,1429,1273.25,1542.25,1766.25
"W2-194","GmWMC075","W2",194,40.25,49,135.75,318.25,374.25,417.75,1092.25,699.75,677.5,1230.75,1084.5,1189.5,1313
"W2-195","GmWMC103","W2",195,39,49.25,114,246.5,256.25,277,786.25,543.75,505.5,856.75,721.25,773.25,837.25
"W2-196","GmJMC184","W2",196,50.25,48.25,94,301.5,277.5,277.25,900.5,680.75,617,1128.25,1237.5,1429.75,1713.25
"W2-197","GmJMC026","W2",197,25,33.6666666666667,93,258,285.666666666667,283.333333333333,867,671.333333333333,625,992,992.666666666667,998,1172.66666666667
"W2-198","GmJMC067","W2",198,41.75,47.75,162.25,371.25,394,386.5,1091.75,785.25,741.5,1257,1246.25,1403.75,1572.25
"W2-199","GmWMC119","W2",199,53.3333333333333,77,196.333333333333,396,495.333333333333,558.333333333333,1198.66666666667,950.333333333333,974,1362.33333333333,1469,1643.66666666667,1867.33333333333
"W2-200","GmJMC097","W2",200,64.75,69,237.75,441.75,495,495.25,1080.5,952.5,907.25,1367.5,1504.25,1785.5,1960
"W3-001","GmWMC190","W3",1,60.25,66.5,210.75,296.5,337.25,355.75,995,715,685.25,1184,1082.75,1236.75,1314
"W3-002","GmJMC079","W3",2,93,115.5,370.5,513,554,596.5,2144.5,1186.5,1055.5,2128.5,1659,1933.5,2089
"W3-003","GmWMC038","W3",3,12.3333333333333,16.3333333333333,79.3333333333333,110.666666666667,104.333333333333,117,673.333333333333,278,256.333333333333,757.666666666667,475.333333333333,515.666666666667,597
"W3-004","GmWMC027","W3",4,52.25,53.5,95.75,236,158.75,135.25,956,399,435,963.5,665.5,797.75,893.5
"W3-005","GmWMC123","W3",5,59,78.5,158.25,280.75,263,271,1104,543.75,549.25,1194.25,898,1097,1188.25
"W3-006","GmWMC159","W3",6,38.5,58.25,146,246.25,265,302.25,985,612.75,576.25,1050.5,932.25,1157.75,1193.25
"W3-007","GmJMC013","W3",7,37,41.5,74,173.75,108.75,108.25,755.25,325.5,343.5,827,627.25,634.5,755.75
"W3-008","GmWMC153","W3",8,49.75,62.5,176.75,274.5,300.25,328,1165.75,649,647.5,1322.75,1033.75,1212.25,1304
"W3-009","GmWMC045","W3",9,28,48,122.25,235.75,185.5,178.5,900,455.5,416.75,1001.75,773.75,874,937.25
"W3-010","GmJMC131","W3",10,78.5,135.75,352,629.75,625.75,656.5,1744,1342,1125.5,2104.75,1845.25,1978.75,2094.25
"W3-011","GmJMC069","W3",11,66.75,100.5,240.25,495.25,388.75,391.5,1441.5,784.75,738,1549.5,1237.75,1333.75,1355
"W3-012","GmJMC116","W3",12,61.25,65.5,130.25,389,367.5,407,1318.75,855,739.5,1620.25,1270.5,1395.25,1458.5
"W3-013","GmWMC024","W3",13,52.75,72,179.5,408.5,380.75,401.5,1312.75,841.75,754.25,1457.5,1245.5,1291.75,1344.5
"W3-014","GmWMC020","W3",14,NA,NA,NA,NA,NA,NA,NA,NA,NA,NA,NA,NA,NA
"W3-015","GmJMC044","W3",15,42.25,54,146.25,252.25,262,265.5,1201.75,579.5,566.25,1115,869.5,862.5,928.25
"W3-016","GmJMC007","W3",16,41.3333333333333,44.3333333333333,166.666666666667,320.666666666667,340.333333333333,370,1435,629.333333333333,568,1159,739,716.666666666667,779
"W3-017","GmWMC154","W3",17,38.5,75.75,196.25,363.25,365.25,399,1344.25,793.5,649.75,1390,1049,1189,1175.5
"W3-018","GmJMC149","W3",18,75.75,112,225.75,497,427,462.25,1572,991.75,805,1757.75,1423.25,1587.25,1541.75
"W3-019","GmJMC025","W3",19,29.5,40.25,115.75,318,228.5,247.75,1171.5,670.25,599.25,1206.75,973,1022,1043.75
"W3-020","GmWMC086","W3",20,76.25,76.5,156.75,360.25,317.75,346,1035.75,577,519.75,963.25,657.25,652.75,813
"W3-021","GmWMC119","W3",21,78,128.75,232,399,425,448.25,1103.25,765.5,612.75,1295.5,980,1005.25,1099
"W3-022","GmWMC165","W3",22,37.25,35,99.25,271.5,205.5,239.75,950.75,596,519,1259,1002.25,1125,1140.5
"W3-023","GmWMC186","W3",23,20.75,23,107.25,269.75,216.5,253.5,1034.25,648,592.25,1236.5,1010.75,1167.25,1188.5
"W3-024","GmWMC151","W3",24,33,52.75,220,454.5,440.5,484.25,1372.5,976.75,810.75,1602.75,1282,1466.25,1502.75
"W3-025","GmWMC160","W3",25,20.25,23.5,102.25,217,201.75,209.5,1192.5,616.75,542.25,1349.25,964.25,1093.75,1093.5
"W3-026","GmJMC040","W3",26,36.75,37.5,124.25,347,324.5,340.25,1117.75,721.5,621.75,1236.75,964.5,1053,1101
"W3-027","GmJMC102","W3",27,46,69.75,189.75,444.75,371.75,351.75,1190,713.25,579.75,1261.5,991,1053,1115.75
"W3-028","GmJMC139","W3",28,81,156.75,370.5,553.75,567.5,598.25,1497.75,1022.25,788.5,1689.75,1331.25,1455.5,1444
"W3-029","GmWMC072","W3",29,72.25,120.5,255,496.75,475.25,490.75,1431.25,908,689.25,1685.5,1227.25,1357.75,1353.5
"W3-030","GmWMC171","W3",30,58,78.5,197.5,444,438,481.75,1344,940.25,846.5,1560.5,1311.5,1511.5,1555.25
"W3-031","GmJMC039","W3",31,61.75,96.5,226.5,384.5,332.75,320.5,1294.25,706.75,678.5,1321,1054.5,1118.5,1155
"W3-032","GmWMC166","W3",32,21.25,50.75,174.25,363.25,350.75,395.25,1071.25,651,522.75,1212.75,889.75,1055.5,1074.5
"W3-033","GmJMC061","W3",33,79,121.5,302.5,589.5,604,608,1923,1182,1021.5,2113,1796.5,1948.5,1972
"W3-034","GmJMC051","W3",34,43.75,92.5,280.25,419.75,416.25,436.75,1303.5,858.25,702.5,1402.75,1126.25,1162.5,1239.75
"W3-035","GmJMC091","W3",35,96.5,165,445,693.5,683.5,723.5,2390,1387.5,1297.5,2432.5,2081.5,2394.5,2499
"W3-036","GmJMC081","W3",36,NA,NA,NA,NA,NA,NA,NA,NA,NA,NA,NA,NA,NA
"W3-037","GmWMC074","W3",37,22,19,62.75,180.75,160.5,144.5,1029.75,475,448.75,1089,783.5,850.5,941.75
"W3-038","GmJMC049","W3",38,20,26.75,77.75,220,166.5,165.75,816,429.75,442.5,979,886.5,1050,1086.5
"W3-039","UA-4805","W3",39,39,42,138,252,219,200.5,1091,473,499.5,1103,821.5,949.5,1198
"W3-040","GmWMC124","W3",40,33.5,37.75,149.5,237.5,217,218,1019.25,570.5,514.25,1141.25,917.75,1052.25,1196.75
"W3-041","GmWMC142","W3",41,42,46.75,149.25,376.25,359.75,380.25,1217.75,843.5,782.75,1598,1322.25,1471,1659
"W3-042","GmJMC017","W3",42,62.5,75.75,203.5,343.75,399,450,1207.75,810,742,1315.25,1080.25,1196,1302.75
"W3-043","GmJMC080","W3",43,60.25,57,121.75,294,275.25,307.75,1035.25,645.25,587,1151.25,981.75,1101,1200
"W3-044","GmWMC011","W3",44,24,27.25,80.5,145.5,149,155,804,400.75,383.25,848.75,601.5,685.75,793.25
"W3-045","GmJMC101","W3",45,88.5,124.25,320,535.25,518.5,554,1504,1006.5,894.75,1649.75,1358.5,1547.25,1711.5
"W3-046","GmJMC041","W3",46,37.5,44.5,112.25,284.25,279.25,302.25,975.25,528.25,490.25,935.75,699.75,628.5,782.25
"W3-047","GmWMC162","W3",47,46.25,50.75,213.75,408.25,441,469.5,1389,953.5,880,1543.75,1347.25,1646.25,1736.75
"W3-048","GmJMC078","W3",48,54.5,87.5,231,468,506.5,481.5,1367.5,1019.25,929,1525.75,1391.5,1704.75,1884.25
"W3-049","GmWMC156","W3",49,30.5,56.5,207.25,426.75,433.75,478.25,1232.75,876,859.75,1301.25,1324.5,1565.75,1689.75
"W3-050","GmWMC089","W3",50,24,45,163.666666666667,335.666666666667,312.666666666667,335.333333333333,996.666666666667,684.333333333333,637,852,944,1049,1192.66666666667
"W3-051","GmWMC140","W3",51,43.75,51.25,151.75,268.25,280.25,279.75,863.75,602.5,569,1008.75,912.25,1040.75,1128.25
"W3-052","GmWMC042","W3",52,21.5,52.25,135.25,211.25,237.5,246.75,758.75,494.75,462,805.75,692.75,670.25,752.75
"W3-053","GmWMC083","W3",53,64.75,79.5,235.75,337.25,380.75,405.25,1081.25,759.25,695.25,1161.5,1086.25,1170.25,1268.25
"W3-054","GmJMC052","W3",54,51.25,48.75,106.5,269,150.5,145.75,955.5,471.75,482,1014,718,703.75,785.25
"W3-055","GmJMC067","W3",55,84,95,184,395.5,267.5,250.25,1448.5,771.25,783.5,1507,1279.25,1316,1481.75
"W3-056","GmJMC004","W3",56,58.75,58.25,106.5,189.75,168.75,182.5,717,293.75,283.25,546.5,376,394.25,461
"W3-057","GmWMC012","W3",57,56,33.6666666666667,56,182,149,138.333333333333,794.333333333333,394,374.666666666667,767.666666666667,652.333333333333,669,852
"W3-058","GmJMC054","W3",58,105.25,105.5,238.25,367,319.25,343.75,1126.5,656.5,670.25,1257.25,1116.25,1189.25,1451.75
"W3-059","GmWMC135","W3",59,101.75,88.75,182.75,494.25,426,417.25,1483.5,945.75,919.5,1728.5,1415,1518,1720.5
"W3-060","GmWMC075","W3",60,45.3333333333333,68.6666666666667,179.666666666667,318,298.333333333333,293.333333333333,1080.66666666667,692.666666666667,680.333333333333,1218,1086.66666666667,1057.33333333333,1352.66666666667
"W3-061","GmWMC035","W3",61,87.75,145.75,415.25,536.75,621,662.75,1538.75,1195.75,1145.75,1775.75,1635.25,1621,1956.5
"W3-062","GmJMC172","W3",62,29.25,62.25,180.5,369.25,386,454.75,1266.5,1032,991.25,1616.75,1604.5,1660,1995.5
"W3-063","GmWMC157","W3",63,29,49.5,64,174,164,162.5,722.5,449.75,442.75,785.25,782.25,892.75,1114.75
"W3-064","5002T","W3",64,44.25,44.5,229.75,414.5,427,440.5,1400.25,832.25,760.5,1446,1171.5,1228.75,1326.25
"W3-065","Tachiutaka","W3",65,47,60,157.5,312.75,282.25,286,1316.75,662.75,636.5,1314.5,1074.5,1087,1380.25
"W3-066","GmWMC187","W3",66,35.75,49,131.5,331.25,294.5,329.25,1068.25,746.5,750.75,1490,1367,1548.75,1788.75
"W3-067","GmWMC175","W3",67,78.25,127.75,306.5,531,589.75,650.25,1815,1305,1292.75,2314,2214.75,2338,2857
"W3-068","GmJMC097","W3",68,70.25,87.5,271.75,428.25,467.25,504.5,1609.75,1139.75,1161,1978.5,1914,2033.25,2451.75
"W3-069","GmJMC003","W3",69,68.75,117.5,263.5,394.5,376.5,383,1133.5,593.25,575.5,892.25,770.25,656.5,843.5
"W3-070","GmWMC189","W3",70,35.75,37.5,128.75,247.25,198.75,198.25,853,521.75,501,841.25,851.25,989.75,1120.25
"W3-071","GmWMC048","W3",71,48.6666666666667,62.3333333333333,119,264,224.333333333333,243,932,728,800,1174.33333333333,1268.66666666667,1343,1511.33333333333
"W3-072","GmWMC132","W3",72,60,84.25,256.5,401.5,436.75,493.5,1442,1017.5,949.5,1747.75,1591.25,1711.5,2025.5
"W3-073","GmJMC026","W3",73,53.25,90,230,393.25,407.5,461.5,1165.5,898.25,840.75,1381.5,1292.5,1243.75,1566.25
"W3-074","GmJMC092","W3",74,58.25,157.25,353.5,650.5,590.75,622.5,1699,1148,1062,1939.5,1789.75,1834,2296.75
"W3-075","GmWMC143","W3",75,40.25,86.25,223.75,482.5,476.25,560.75,1543,1138,1069,2029.25,1801.5,1862.75,2101.75
"W3-076","GmJMC033","W3",76,97.6666666666667,189,492,662,760,856,1913.66666666667,1238,1240,1814.66666666667,1579.66666666667,1642.33333333333,1946
"W3-077","GmJMC161","W3",77,98.5,125,312.25,543.5,519.5,551,1697.75,1207.75,1196.75,2232.5,1911.5,2082,2439.5
"W3-078","GmWMC185","W3",78,61.75,124.75,232.25,450,404.75,400.5,1653,1220,1322,2082.5,2057,2069.25,2324.75
"W3-079","GmWMC103","W3",79,57.5,91,207.25,351,345.25,371,985.5,731.5,778,1072.5,1072.5,1001.25,1348.75
"W3-080","GmJMC105","W3",80,81,155.5,322.25,465,455.25,470.75,1177,910.75,839.75,1407,1425.25,1561,1922.75
"W3-081","GmJMC023","W3",81,62.25,153.75,342.5,506.75,540,573.75,1386,1068,1042,1553.75,1504.5,1497.5,1699.75
"W3-082","GmJMC096","W3",82,19,20.6666666666667,56.3333333333333,219,180.333333333333,207,847.333333333333,585.666666666667,643,969.333333333333,1149.66666666667,1203,1499.66666666667
"W3-083","GmJMC032","W3",83,31,32.5,114.5,278.75,268.5,281.25,910,644.25,585.25,1046.5,951,1059,1228.5
"W3-084","GmWMC122","W3",84,29.5,72.5,225.5,385.5,402.5,470,1260.5,913,928,1547,1539,1493.5,2024.5
"W3-085","GmWMC125","W3",85,68.5,93,247.75,472.5,452.5,506,1289.75,902.25,839.5,1459.5,1348.75,1534.5,1805.75
"W3-086","GmJMC126","W3",86,72.25,127,304,496.25,510.25,591.5,1386.5,984,915.5,1638.75,1481.25,1703.25,1937.25
"W3-087","GmWMC141","W3",87,33.75,44.5,149.75,272.25,254,272.5,974.25,646,593.75,1145,1017.25,1111,1326.75
"W3-088","GmJMC117","W3",88,23,26.3333333333333,90,269.666666666667,240.666666666667,230.333333333333,1026,566.333333333333,577.666666666667,1193,1084.66666666667,1231.66666666667,1417.66666666667
"W3-089","GmJMC106","W3",89,53.25,53.5,180.75,346.25,340,378.25,1069.75,691.75,646,1211.75,1102.75,1302,1473
"W3-090","GmJMC050","W3",90,53.75,30,80.5,198.25,196,182.25,991.25,534,477.5,953.5,801.75,834.5,915
"W3-091","GmWMC168","W3",91,35.75,30.75,100.75,229,185.75,193.25,916,487.5,477.75,1026.75,851,936,1053.25
"W3-092","GmWMC146","W3",92,37.5,31,69.75,171.5,126,126.75,813.25,343,364.5,841.25,782.5,818.5,985
"W3-093","GmJMC056","W3",93,49.5,27,64.5,70,42.5,31,324,85,80,228.5,206,321,370.5
"W3-094","GmWMC150","W3",94,29,28,66.25,125.5,116.5,131.25,467,316.5,314.25,702.75,621.25,732.25,850.5
"W3-095","GmWMC029","W3",95,37.3333333333333,39.6666666666667,66,219.333333333333,143.666666666667,141.666666666667,635.333333333333,379.666666666667,364,677.333333333333,575,627,687.333333333333
"W3-096","GmWMC113","W3",96,23.3333333333333,42.6666666666667,166.333333333333,226.666666666667,280.333333333333,301.666666666667,735.666666666667,579,529.666666666667,877.666666666667,827.666666666667,919.333333333333,1047
"W3-097","GmJMC093","W3",97,69,125.25,313.75,553.75,573,642.25,1432.5,1195,1102.25,1706,1606.25,1628.5,1806.25
"W3-098","GmWMC178","W3",98,47.5,73.5,288,484.5,543.75,554.25,1357,1051.75,1021,1671.5,1594,1759.75,2113.25
"W3-099","GmJMC158","W3",99,49,84.25,278.5,492.25,517.5,599.75,1267,1152.75,1090.5,1798,1739.25,1873,2180.5
"W3-100","GmJMC060","W3",100,46.75,64,187.25,381.25,374.25,347.25,939,784.25,735.75,1045.25,1185.25,1320.75,1567.5
"W3-101","GmJMC063","W3",101,25.5,56.5,203.5,363,363,367,1143,991,925.5,1173.5,1823.5,1855.5,2058.5
"W3-102","C1329","W3",102,45.75,37,65,209.5,158.5,149.5,665.5,431,465.5,667.75,946.25,1031.5,1121.5
"W3-103","GmWMC176","W3",103,40,43,140.5,192.5,210,223.25,737.25,504.25,476.5,742.75,857,952,1019.5
"W3-104","GmJMC112","W3",104,53.25,51,120.75,304.75,260,235.75,793.75,629.5,587.5,988.5,1063,1130.5,1269.25
"W3-105","GmWMC181","W3",105,48.5,69,103.75,255.5,217.25,207.5,752.5,478.25,548.25,780.5,939,1052,1035.25
"W3-106","GmWMC108","W3",106,25.75,38.25,104,251.75,223,250.25,722,558.5,552,1005,939.75,1034,1025.25
"W3-107","GmWMC138","W3",107,16.75,28.25,82.75,211,205.25,233.5,611,526.25,480.5,713.75,856,968,1050
"W3-108","GmJMC043","W3",108,41.6666666666667,32.3333333333333,96.6666666666667,223.333333333333,166,169.666666666667,757.666666666667,582.666666666667,584,1076.66666666667,1059.33333333333,1061,1215.33333333333
"W3-109","GmJMC167","W3",109,64.5,106.5,216.5,470.5,443.5,496.5,1430,1057,1092.5,1816.5,1925.5,2239.5,2466
"W3-110","GmJMC059","W3",110,60,85.5,233.25,470.5,466.5,509,1222.75,990.75,883.75,1523,1436.75,1611.25,1682
"W3-111","GmJMC031","W3",111,66,129.5,318.25,443.5,463.75,519.75,1144.25,1043.5,922.5,1527.25,1510.75,1626.25,1728.5
"W3-112","GmJMC095","W3",112,74.5,84.75,229.25,385.5,409,429.5,1033,902.75,855.5,1416.25,1413,1615.75,1756
"W3-113","GmJMC076","W3",113,63.25,86.25,240.75,446.75,430.5,484.75,1043.75,896.5,861.5,1419,1430,1577.75,1694.5
"W3-114","GmJMC114","W3",114,76.75,122,320.25,520.5,543,567,1313.75,1106,1050,1633.5,1677,1742,1459.75
"W3-115","GmJMC184","W3",115,62.25,65.25,195,378.75,334.75,346.25,972,734.75,693,1196.75,1187,1393.75,1519
"W3-116","GmJMC008","W3",116,74.25,82.75,170.25,343.75,317.5,340.5,825.25,560.5,517.75,676,663,634,661.75
"W3-117","C0394","W3",117,81,111.75,284.5,409.75,388.5,429.75,1248.75,792.25,751.5,1332.25,1257.25,1321.75,1349.25
"W3-118","GmJMC077","W3",118,54.75,80,228,431,419,465,1187.25,907.5,854,1479.75,1381.75,1495.5,1642
"W3-119","GmJMC099","W3",119,72.5,91.5,285,499.75,478.5,525.75,1143.25,954.75,866.5,1378.25,1462,1555.25,1696.5
"W3-120","C1290","W3",120,50.5,72.5,193.5,336,338.25,375.75,970.75,797.75,706.25,1104.75,1099.75,1242.75,1340.5
"W3-121","GmWMC191","W3",121,46,56.25,183,309,299.75,330,1023.25,726.25,684.5,1291.75,1304,1475,1549.25
"W3-122","GmJMC028","W3",122,75.25,85.5,301.5,569.25,531.75,574,1267.5,1032,929.5,1630,1539.75,1718.5,1712
"W3-123","GmWMC109","W3",123,47.75,49.25,155.75,323.75,249.5,260.5,952,676.5,598.5,1094.5,1068,1192.75,1244.75
"W3-124","GmWMC170","W3",124,50.25,65.25,163.25,284.5,299.25,340,722.25,666.75,580,913,977.25,1082.25,1148.75
"W3-125","GmJMC090","W3",125,35.75,41.5,115.5,244.5,193.25,212,709.5,623.75,600.75,929.25,962,1001,1038.75
"W3-126","GmJMC180","W3",126,29,43.75,146.25,289.75,301,316.75,745.5,669.25,595.75,1005,1056,1124.5,1206.5
"W3-127","GmJMC110","W3",127,52.5,96.5,314.25,347.75,450.25,454,987.75,873.5,789,1240.25,1293.5,1518.5,1445.75
"W3-128","GmWMC129","W3",128,51.75,58,142.5,310,298.75,317.5,882,735.5,579.25,904.5,983.25,1147.25,1185.75
"W3-129","GmWMC071","W3",129,67.5,102.5,239.75,453,472,501,1020,910.75,809.5,1282.25,1233.25,1420.25,1469.25
"W3-130","GmWMC073","W3",130,36.25,61,181.5,288.75,319,333.75,750.25,663.5,602,945,1003.5,1099.25,1184.75
"W3-131","GmWMC192","W3",131,27,39.75,120.25,348,310,359,810,704.25,640.5,1008.5,1034.75,1249.75,1313.25
"W3-132","GmJMC057","W3",132,44.5,38,87.5,262.75,151.75,177.75,690.25,532,456,807.25,768.75,979,989
"W3-133","GmWMC182","W3",133,38.25,49.75,108.25,276.5,244,248.5,813.75,601.75,574.5,969.75,1007.25,1135.25,1222.5
"W3-134","GmWMC046","W3",134,54,96,238.333333333333,455.333333333333,427.333333333333,451.333333333333,1089.33333333333,670.666666666667,586.333333333333,868.666666666667,771,822,881.666666666667
"W3-135","GmJMC058","W3",135,41.25,53,142,250.5,212.5,235.5,1061,573,530.5,1182.75,1017.25,1141.75,1238.25
"W3-136","GmWMC134","W3",136,20,38.75,101,174.25,187.75,224,582.5,469.5,415.5,733.75,771.75,903.75,935.25
"W3-137","GmJMC047","W3",137,21,41.5,124,324.5,255,288.5,1309.5,888,795,1597.5,1501.5,1645,1833
"W3-138","GmWMC015","W3",138,30.5,47.5,141.75,255.25,263.5,300.25,725.75,608,555.5,893.5,945.25,1040.25,1113.5
"W3-139","GmWMC173","W3",139,32.25,51.25,132.75,305.25,319.75,370,807.5,685.75,644,1042.25,1025.5,1187.75,1248.5
"W3-140","GmWMC066","W3",140,64,103.5,227,405.25,386,430.75,985,775,737.5,1282.5,1086.75,1222.25,1250.5
"W3-141","GmWMC070","W3",141,54,89,237,397,390,456.666666666667,1077.33333333333,813.666666666667,676,1252.66666666667,1057,1056.66666666667,1093.33333333333
"W3-142","GmJMC179","W3",142,102.5,165,419,621.25,649,716,1554.75,1265.5,1085,1942.75,1593,1836.75,1851.75
"W3-143","GmWMC115","W3",143,54.5,70.25,222.75,301,358,369.25,840.25,758.5,701,1251,1140.5,1266.25,1324
"W3-144","C1322","W3",144,49.25,69.5,208.25,398.5,405.75,434.75,938.25,779.25,683.25,1134,1020,1191.5,1167.75
"W3-145","GmJMC034","W3",145,73.25,157.25,364.25,470,474.25,534.5,1090.5,852,663,1181.5,970,1077.75,1135.25
"W3-146","GmJMC016","W3",146,70.25,84.25,250.75,390.5,396.5,414.25,936.75,705,619,994,851.25,921.25,984
"W3-147","GmJMC098","W3",147,75.25,99.5,229.5,467.5,454.75,529,1149.25,931.75,814.75,1356.25,1248,1467.25,1415
"W3-148","GmWMC169","W3",148,49.75,89.25,248.75,361.5,408.5,446,1015.5,818.5,754,1127.25,1008,1038.25,1148.5
"W3-149","GmJMC037","W3",149,38.5,51.75,164.75,244,269.75,295.25,720.75,535,496.5,611.75,686.5,769,810.25
"W3-150","GmWMC152","W3",150,62.75,80.75,240.5,442.25,427.5,468.25,1010.5,836.75,699.75,727,1077.5,1325.75,1256.5
"W3-151","GmJMC030","W3",151,45,46,89.25,209,173.25,170.25,640,437.25,392.5,644.5,643.5,620.5,692.5
"W3-152","GmWMC006","W3",152,71,60.5,117,353.25,284.5,303,926.5,595.75,582,815,876.5,860.75,954.75
"W3-153","GmWMC001","W3",153,74.25,70.5,217.25,279,288.5,284.25,608.5,380.5,347.75,403.25,418.75,394,412.25
"W3-154","GmJMC021","W3",154,78,94,204.75,334.25,339.5,329.75,805.5,558,533,773.5,760.5,699.5,776.75
"W3-155","GmWMC087","W3",155,50,50.5,112.5,196.5,131.5,142,790,494,539.5,791,1183.5,1351,1464
"W3-156","GmWMC018","W3",156,55.3333333333333,69.6666666666667,197.666666666667,274.333333333333,330.666666666667,349.666666666667,845.333333333333,659,629.666666666667,1028.66666666667,1024.33333333333,1041,1155
"W3-157","GmJMC088","W3",157,79.5,86,200.5,320,309,250,1065.5,735.5,692.5,1130,1452,1703.5,1820
"W3-158","GmWMC094","W3",158,52.25,52.25,137,238,210.75,216,661.75,622.25,563.75,949.75,1070.25,1150,1244.5
"W3-159","GmWMC010","W3",159,97.3333333333333,117.333333333333,336.666666666667,559,574,606,1493,943.333333333333,879,1397,1210.33333333333,1197,1313.33333333333
"W3-160","GmJMC085","W3",160,62.25,80,223.25,436.5,371.5,425,1192.25,862.75,842.5,1584.5,1539.5,1593.25,1855.75
"W3-161","GmJMC133","W3",161,30,29.3333333333333,133.333333333333,264.666666666667,228.666666666667,240.666666666667,995.666666666667,587.666666666667,600.666666666667,999.666666666667,1145,1243.33333333333,1351.33333333333
"W3-162","GmWMC164","W3",162,74.75,99,227.75,386,379,373.25,849.5,745.75,680.5,957.5,1207.5,1367.25,1438.75
"W3-163","GmJMC068","W3",163,59.25,84.25,219,353,310.5,313.25,806,584.5,571.25,854.75,943.25,983.25,1015.5
"W3-164","GmWMC144","W3",164,77.25,80.25,212.5,383.5,268.75,286,909.75,589.75,581.5,979.5,970.75,996,1093.5
"W3-165","GmJMC005","W3",165,73.5,83,224.5,341.75,336.75,366.75,834,614.75,555.5,770.25,720.25,689.75,749.5
"W3-166","GmJMC104","W3",166,67.75,72.25,231.5,350.75,340,349.75,984.75,698,711.25,1109.5,1181.25,1245.75,1322
"W3-167","GmWMC136","W3",167,49.5,53.25,137,337.75,257.75,296,885,590.5,592.25,842.75,1002.25,1074.25,1191.75
"W3-168","Houjaku Kuwazu","W3",168,69,88,239.5,355.5,344,364.5,867,675.5,628.25,941.25,1056.75,1104.5,1151.25
"W3-169","GmJMC145","W3",169,53.25,63.5,155,298.25,262.75,297.25,1012.75,624.5,629.5,1059.25,1122,1239.25,1326.5
"W3-170","GmWMC084","W3",170,33.5,51.75,164.25,328.25,329.25,352.75,833.75,684.75,637.5,1012.25,1091.75,1126.5,1190.25
"W3-171","GmWMC148","W3",171,50,65.75,200,415.5,350.75,366.25,897,734.25,714.5,1028.25,1138.25,1173.5,1318
"W3-172","GmJMC100","W3",172,63.25,62.75,198.5,442.5,352.75,356.75,1176.5,795.75,800,1374,1449.5,1495.75,1754
"W3-173","GmJMC062","W3",173,73.25,88.25,245,489,404,462,1353.5,995.25,866.5,1585,1505.25,1579.25,1758
"W3-174","GmWMC014","W3",174,134.25,188,386.5,580.25,621.5,641.25,1388.75,1068.5,1003.5,1699.25,1537.25,1522,1676
"W3-175","GmWMC107","W3",175,83,105.75,265.25,450,452.75,461.5,1114,773.75,705,1132.25,1026.25,1023.5,1140.25
"W3-176","GmJMC111","W3",176,70.25,88,225.25,437.25,426.5,466.25,1086.25,947,844,1435.5,1355.5,1466,1653
"W3-177","GmWMC155","W3",177,39,31.75,65,202.75,129.75,127.25,585.5,369.25,411.25,522.75,841.75,985.75,1197.5
"W3-178","GmWMC120","W3",178,36,51.5,91.75,257.25,159,170.25,743,395.5,419.5,725.5,846.5,931,987.5
"W3-179","GmWMC163","W3",179,50,68.25,181.75,370,320.25,360,974,833.5,773.5,1257.25,1302.75,1446.75,1659
"W3-180","GmJMC177","W3",180,51.25,61,221.5,481.25,473.5,530,1233,1006.75,953.75,1727,1672.5,1804,2096.25
"W3-181","GmWMC118","W3",181,38.75,57,190.25,332.75,344,389.25,1034,754,654,1234,1136,1181.25,1306
"W3-182","GmJMC137","W3",182,77,109.25,307.25,433,443.5,438.5,1231.5,862,810.5,1446.75,1333,1450.75,1617.5
"W3-183","GmJMC082","W3",183,61.25,95,295.25,455.5,513.25,577.75,1294.75,1087.25,959.25,1550.5,1604,1667.25,1984
"W3-184","GmWMC127","W3",184,54.75,91.25,282.75,476.5,520.5,581.5,1284,1020.75,936,1596.75,1446.5,1572.5,1737.5
"W3-185","GmJMC002","W3",185,65.3333333333333,98,257.333333333333,389.666666666667,338.333333333333,388.333333333333,1019,442,391.666666666667,1050.66666666667,482.666666666667,485,531
"W3-186","GmWMC019","W3",186,20,21,80.5,185.75,190,222.25,735.25,498.25,456.25,969.5,702.5,706.75,794.5
"W3-187","GmWMC036","W3",187,16.75,31.5,100.25,216.25,212.75,264.25,734.5,513,469,834,689.25,711.5,787.5
"W3-188","GmJMC053","W3",188,46.5,48.25,142.75,348.25,313.25,307.75,1046.5,666.25,616.5,1128.5,1065,1160.75,1246.25
"W3-189","GmWMC022","W3",189,45.25,62.25,162.75,279.5,310.75,358,788.25,684,646.75,940.75,1041,1135.25,1224.75
"W3-190","GmWMC147","W3",190,47.5,63.25,222.5,464,424.5,482.75,1119,965.5,884.5,1465,1463.5,1571.25,1799.5
"W3-191","GmJMC065","W3",191,57,73.25,219.25,403,381.25,385.75,1044.25,809,778.25,1264,1184.75,1271.75,1425.25
"W3-192","GmJMC064","W3",192,16.5,16.5,82.5,143,154.5,146.5,564.5,421.5,495.5,753,1094.5,1122,1583.5
"W3-193","GmJMC055","W3",193,31,51,231,374,447,505,1372,1036,997,1707,1711,1856,2099
"W3-194","GmWMC174","W3",194,41.5,45.75,85.75,339,257.75,282.25,982.75,731.5,735.75,1361.25,1338,1487.25,1747
"W3-195","GmJMC009","W3",195,54.5,93.5,227,436.5,401.25,479.25,1025,734,746.25,1129.5,1176.25,1103,1343.25
"W3-196","GmJMC128","W3",196,43.25,62.75,156.5,272,264.5,298.25,803.25,669.25,652,1026.75,1296.5,1311.5,1531
"W3-197","GmWMC188","W3",197,40.5,56.25,148.25,324.75,306.5,334.25,865.5,733.25,761,1177.75,1394.75,1603.75,1894
"W3-198","GmJMC130","W3",198,42.25,93.75,207.5,426,434.25,429.5,936,815.5,718.75,931.5,1203.25,1291,1464
"W3-199","GmJMC121","W3",199,25.5,44.75,119.75,254.75,250.5,291.75,675.25,639.75,584.5,417.75,1019.5,1158.5,1256.25
"W3-200","GmWMC183","W3",200,6.5,9.5,34,134,97,89.5,154.5,304.5,284.5,174.5,868.5,1068.5,1306
