,number
RC-1,4
RC-2,4
RC-3,4
RC-4,4
RC-5,4
RC-6,4
RC-7,4
RC-8,4
RC-9,4
RC-10,4
RC-11,4
RC-12,4
RC-13,4
RC-14,4
RC-15,4
RC-16,2
RC-17,4
RC-18,4
RC-19,4
RC-20,4
RC-21,4
RC-22,4
RC-23,4
RC-24,4
RC-25,4
RC-26,4
RC-27,4
RC-28,4
RC-29,4
RC-30,4
RC-31,4
RC-32,4
RC-33,4
RC-34,4
RC-35,4
RC-36,4
RC-37,4
RC-38,4
RC-39,4
RC-40,4
RC-41,4
RC-42,4
RC-43,4
RC-44,4
RC-45,4
RC-46,4
RC-47,4
RC-48,4
RC-49,4
RC-50,4
RC-51,4
RC-52,4
RC-53,4
RC-54,4
RC-55,4
RC-56,4
RC-57,4
RC-58,4
RC-59,4
RC-60,4
RC-61,4
RC-62,4
RC-63,4
RC-64,2
RC-65,4
RC-66,4
RC-67,4
RC-68,4
RC-69,4
RC-70,4
RC-71,4
RC-72,3
RC-73,4
RC-74,3
RC-75,4
RC-76,4
RC-77,4
RC-78,4
RC-79,4
RC-80,4
RC-81,4
RC-82,4
RC-83,4
RC-84,4
RC-85,4
RC-86,4
RC-87,4
RC-88,4
RC-89,4
RC-90,4
RC-91,4
RC-92,4
RC-93,4
RC-94,4
RC-95,4
RC-96,4
RC-97,4
RC-98,4
RC-99,4
RC-100,4
RC-101,4
RC-102,4
RC-103,4
RC-104,4
RC-105,4
RC-106,4
RC-107,4
RC-108,4
RC-109,4
RC-110,4
RC-111,4
RC-112,4
RC-113,4
RC-114,4
RC-115,4
RC-116,4
RC-117,4
RC-118,4
RC-119,4
RC-120,4
RC-121,4
RC-122,4
RC-123,4
RC-124,4
RC-125,4
RC-126,4
RC-127,4
RC-128,4
RC-129,4
RC-130,4
RC-131,4
RC-132,4
RC-133,4
RC-134,4
RC-135,4
RC-136,4
RC-137,4
RC-138,4
RC-139,4
RC-140,4
RC-141,4
RC-142,4
RC-143,4
RC-144,4
RC-145,4
RC-146,2
RC-147,4
RC-148,4
RC-149,4
RC-150,4
RC-151,4
RC-152,4
RC-153,4
RC-154,3
RC-155,4
RC-156,1
RC-157,4
RC-158,4
RC-159,4
RC-160,4
RC-161,4
RC-162,4
RC-163,4
RC-164,4
RC-165,4
RC-166,4
RC-167,4
RC-168,4
RC-169,4
RC-170,4
RC-171,4
RC-172,4
RC-173,4
RC-174,4
RC-175,4
RC-176,4
RC-177,4
RC-178,4
RC-179,4
RC-180,4
RC-181,4
RC-182,4
RC-183,4
RC-184,4
RC-185,4
RC-186,4
RC-187,4
RC-188,4
RC-189,4
RC-190,4
RC-191,4
RC-192,4
RC-201,4
RC-202,4
RC-203,4
RC-204,4
RC-205,4
RC-206,4
RC-207,4
RC-208,4
RC-209,4
RC-210,4
RC-211,4
RC-212,4
RC-213,4
RC-214,4
RC-215,4
RC-216,4
RC-301,4
RC-302,4
RC-303,4
RC-304,4
RC-305,4
RC-306,4
RC-307,4
RC-308,4
RD-1,4
RD-2,4
RD-3,4
RD-4,4
RD-5,4
RD-6,4
RD-7,3
RD-8,4
RD-9,4
RD-10,4
RD-11,4
RD-12,4
RD-13,4
RD-14,4
RD-15,4
RD-16,4
RD-17,4
RD-18,4
RD-19,4
RD-20,4
RD-21,4
RD-22,4
RD-23,4
RD-24,4
RD-25,4
RD-26,4
RD-27,4
RD-28,4
RD-29,4
RD-30,4
RD-31,4
RD-32,4
RD-33,4
RD-34,4
RD-35,4
RD-36,4
RD-37,4
RD-38,4
RD-39,4
RD-40,4
RD-41,4
RD-42,4
RD-43,4
RD-44,4
RD-45,4
RD-46,4
RD-47,4
RD-48,4
RD-49,4
RD-50,4
RD-51,4
RD-52,4
RD-53,4
RD-54,4
RD-55,4
RD-56,4
RD-57,4
RD-58,4
RD-59,4
RD-60,4
RD-61,4
RD-62,4
RD-63,4
RD-64,4
RD-65,4
RD-66,4
RD-67,4
RD-68,4
RD-69,4
RD-70,4
RD-71,4
RD-72,4
RD-73,4
RD-74,4
RD-75,4
RD-76,4
RD-77,4
RD-78,4
RD-79,4
RD-80,4
RD-81,4
RD-82,4
RD-83,4
RD-84,4
RD-85,4
RD-86,4
RD-87,4
RD-88,4
RD-89,4
RD-90,4
RD-91,4
RD-92,4
RD-93,4
RD-94,4
RD-95,4
RD-96,4
RD-97,3
RD-98,4
RD-99,4
RD-100,4
RD-101,4
RD-102,4
RD-103,4
RD-104,4
RD-105,4
RD-106,4
RD-107,4
RD-108,4
RD-109,4
RD-110,4
RD-111,4
RD-112,4
RD-113,4
RD-114,4
RD-115,4
RD-116,4
RD-117,4
RD-118,4
RD-119,4
RD-120,4
RD-121,4
RD-122,4
RD-123,4
RD-124,4
RD-125,4
RD-126,4
RD-127,4
RD-128,4
RD-129,4
RD-130,4
RD-131,4
RD-132,4
RD-133,4
RD-134,4
RD-135,4
RD-136,4
RD-137,4
RD-138,4
RD-139,4
RD-140,4
RD-141,4
RD-142,4
RD-143,4
RD-144,4
RD-145,4
RD-146,4
RD-147,4
RD-148,4
RD-149,4
RD-150,4
RD-151,4
RD-152,4
RD-153,4
RD-154,4
RD-155,4
RD-156,4
RD-157,4
RD-158,4
RD-159,4
RD-160,4
RD-161,4
RD-162,4
RD-163,4
RD-164,4
RD-165,4
RD-166,4
RD-167,4
RD-168,4
RD-169,4
RD-170,4
RD-171,4
RD-172,3
RD-173,3
RD-174,4
RD-175,4
RD-176,4
RD-177,4
RD-178,4
RD-179,1
RD-180,4
RD-181,4
RD-182,4
RD-183,4
RD-184,4
RD-185,4
RD-186,4
RD-187,4
RD-188,4
RD-189,4
RD-190,4
RD-191,4
RD-192,4
RD-201,4
RD-202,4
RD-203,4
RD-204,4
RD-205,4
RD-206,4
RD-207,4
RD-208,4
RD-209,4
RD-210,4
RD-211,4
RD-212,4
RD-213,4
RD-214,4
RD-215,4
RD-216,4
RD-301,4
RD-302,4
RD-303,4
RD-304,4
RD-305,4
RD-306,4
RD-307,4
RD-308,4
W1-1,4
W1-2,4
W1-3,4
W1-4,4
W1-5,4
W1-6,4
W1-7,4
W1-8,4
W1-9,4
W1-10,4
W1-11,4
W1-12,4
W1-13,4
W1-14,4
W1-15,4
W1-16,4
W1-17,4
W1-18,4
W1-19,4
W1-20,4
W1-21,4
W1-22,4
W1-23,4
W1-24,4
W1-25,4
W1-26,2
W1-27,4
W1-28,4
W1-29,4
W1-30,4
W1-31,4
W1-32,4
W1-33,4
W1-34,4
W1-35,4
W1-36,NA
W1-37,2
W1-38,4
W1-39,4
W1-40,4
W1-41,4
W1-42,2
W1-43,4
W1-44,4
W1-45,4
W1-46,4
W1-47,4
W1-48,4
W1-49,3
W1-50,4
W1-51,4
W1-52,4
W1-53,4
W1-54,4
W1-55,4
W1-56,4
W1-57,4
W1-58,3
W1-59,4
W1-60,4
W1-61,4
W1-62,4
W1-63,4
W1-64,4
W1-65,4
W1-66,4
W1-67,4
W1-68,4
W1-69,4
W1-70,4
W1-71,4
W1-72,1
W1-73,NA
W1-74,4
W1-75,4
W1-76,4
W1-77,4
W1-78,4
W1-79,4
W1-80,4
W1-81,4
W1-82,4
W1-83,4
W1-84,2
W1-85,NA
W1-86,4
W1-87,4
W1-88,4
W1-89,4
W1-90,4
W1-91,4
W1-92,4
W1-93,4
W1-94,4
W1-95,4
W1-96,4
W1-97,4
W1-98,4
W1-99,4
W1-100,4
W1-101,4
W1-102,3
W1-103,4
W1-104,4
W1-105,4
W1-106,4
W1-107,4
W1-108,4
W1-109,4
W1-110,4
W1-111,4
W1-112,4
W1-113,4
W1-114,4
W1-115,1
W1-116,4
W1-117,4
W1-118,4
W1-119,4
W1-120,4
W1-121,4
W1-122,4
W1-123,4
W1-124,4
W1-125,4
W1-126,3
W1-127,4
W1-128,4
W1-129,1
W1-130,4
W1-131,4
W1-132,4
W1-133,4
W1-134,2
W1-135,4
W1-136,4
W1-137,4
W1-138,4
W1-139,4
W1-140,4
W1-141,4
W1-142,4
W1-143,2
W1-144,4
W1-145,4
W1-146,4
W1-147,2
W1-148,2
W1-149,4
W1-150,4
W1-151,4
W1-152,4
W1-153,4
W1-154,4
W1-155,4
W1-156,4
W1-157,4
W1-158,4
W1-159,4
W1-160,4
W1-161,4
W1-162,4
W1-163,4
W1-164,4
W1-165,4
W1-166,4
W1-167,4
W1-168,4
W1-169,4
W1-170,4
W1-171,4
W1-172,4
W1-173,4
W1-174,4
W1-175,4
W1-176,4
W1-177,4
W1-178,4
W1-179,4
W1-180,4
W1-181,3
W1-182,3
W1-183,4
W1-184,4
W1-185,4
W1-186,4
W1-187,4
W1-188,4
W1-189,4
W1-190,4
W1-191,4
W1-192,4
W1-193,4
W1-194,4
W1-195,4
W1-196,4
W1-197,4
W1-198,4
W1-199,4
W1-200,4
W1-301,2
W1-302,2
W1-303,2
W1-304,2
W1-305,2
W1-306,2
W1-307,2
W1-308,2
W1-309,2
W1-310,2
W1-311,4
W1-312,4
W1-313,2
W1-314,4
W1-315,4
W1-316,2
W1-317,2
W1-318,2
W1-319,2
W1-320,2
W1-321,1
W1-322,4
W1-323,2
W1-324,2
W1-325,2
W1-326,2
W1-327,2
W1-328,4
W4-1,4
W4-2,4
W4-3,4
W4-4,1
W4-5,4
W4-6,4
W4-7,4
W4-8,4
W4-9,3
W4-10,4
W4-11,4
W4-12,2
W4-13,3
W4-14,4
W4-15,4
W4-16,4
W4-17,4
W4-18,4
W4-19,3
W4-20,3
W4-21,4
W4-22,3
W4-23,4
W4-24,4
W4-25,4
W4-26,4
W4-27,4
W4-28,4
W4-29,4
W4-30,4
W4-31,4
W4-32,4
W4-33,4
W4-34,4
W4-35,4
W4-36,4
W4-37,4
W4-38,4
W4-39,4
W4-40,4
W4-41,4
W4-42,4
W4-43,4
W4-44,3
W4-45,4
W4-46,4
W4-47,4
W4-48,4
W4-49,3
W4-50,4
W4-51,4
W4-52,4
W4-53,4
W4-54,3
W4-55,4
W4-56,4
W4-57,4
W4-58,4
W4-59,4
W4-60,4
W4-61,4
W4-62,3
W4-63,4
W4-64,3
W4-65,4
W4-66,3
W4-67,4
W4-68,4
W4-69,4
W4-70,4
W4-71,4
W4-72,3
W4-73,4
W4-74,4
W4-75,4
W4-76,4
W4-77,4
W4-78,4
W4-79,4
W4-80,4
W4-81,4
W4-82,4
W4-83,4
W4-84,4
W4-85,4
W4-86,4
W4-87,3
W4-88,4
W4-89,4
W4-90,4
W4-91,4
W4-92,4
W4-93,4
W4-94,4
W4-95,4
W4-96,3
W4-97,4
W4-98,4
W4-99,3
W4-100,4
W4-101,4
W4-102,3
W4-103,4
W4-104,3
W4-105,4
W4-106,3
W4-107,3
W4-108,4
W4-109,4
W4-110,4
W4-111,3
W4-112,4
W4-113,4
W4-114,4
W4-115,4
W4-116,4
W4-117,4
W4-118,4
W4-119,4
W4-120,4
W4-121,4
W4-122,3
W4-123,4
W4-124,4
W4-125,3
W4-126,4
W4-127,4
W4-128,4
W4-129,4
W4-130,3
W4-131,4
W4-132,4
W4-133,4
W4-134,4
W4-135,3
W4-136,4
W4-137,3
W4-138,4
W4-139,4
W4-140,4
W4-141,4
W4-142,4
W4-143,4
W4-144,2
W4-145,4
W4-146,4
W4-147,4
W4-148,2
W4-149,4
W4-150,4
W4-151,2
W4-152,4
W4-153,4
W4-154,2
W4-155,3
W4-156,4
W4-157,4
W4-158,4
W4-159,4
W4-160,4
W4-161,4
W4-162,4
W4-163,4
W4-164,4
W4-165,4
W4-166,4
W4-167,4
W4-168,4
W4-169,4
W4-170,4
W4-171,2
W4-172,4
W4-173,4
W4-174,4
W4-175,2
W4-176,4
W4-177,4
W4-178,4
W4-179,4
W4-180,4
W4-181,3
W4-182,4
W4-183,4
W4-184,NA
W4-185,3
W4-186,3
W4-187,4
W4-188,4
W4-189,4
W4-190,4
W4-191,2
W4-192,4
W4-193,4
W4-194,4
W4-195,4
W4-196,4
W4-197,4
W4-198,4
W4-199,4
W4-200,4
W4-301,2
W4-302,2
W4-303,2
W4-304,1
W4-305,2
W4-306,2
W4-307,2
W4-308,4
W4-309,2
W4-310,1
W4-311,2
W4-312,1
W4-313,2
W4-314,4
W4-315,2
W4-316,2
W4-317,1
W4-318,2
W4-319,2
W4-320,2
W4-321,4
W4-322,2
W4-323,NA
W4-324,NA
W4-325,NA
W4-326,2
W4-327,2
W4-328,2
W2-1,4
W2-2,4
W2-3,4
W2-4,4
W2-5,NA
W2-6,4
W2-7,4
W2-8,4
W2-9,4
W2-10,4
W2-11,4
W2-12,4
W2-13,4
W2-14,4
W2-15,4
W2-16,4
W2-17,4
W2-18,4
W2-19,4
W2-20,4
W2-21,4
W2-22,4
W2-23,4
W2-24,4
W2-25,4
W2-26,3
W2-27,4
W2-28,4
W2-29,4
W2-30,4
W2-31,4
W2-32,4
W2-33,3
W2-34,4
W2-35,4
W2-36,4
W2-37,4
W2-38,NA
W2-39,4
W2-40,4
W2-41,3
W2-42,4
W2-43,4
W2-44,4
W2-45,4
W2-46,4
W2-47,4
W2-48,4
W2-49,4
W2-50,4
W2-51,4
W2-52,4
W2-53,3
W2-54,4
W2-55,4
W2-56,4
W2-57,1
W2-58,4
W2-59,4
W2-60,4
W2-61,4
W2-62,4
W2-63,4
W2-64,4
W2-65,4
W2-66,4
W2-67,4
W2-68,4
W2-69,4
W2-70,4
W2-71,4
W2-72,4
W2-73,2
W2-74,4
W2-75,4
W2-76,4
W2-77,4
W2-78,4
W2-79,4
W2-80,3
W2-81,2
W2-82,3
W2-83,4
W2-84,4
W2-85,4
W2-86,3
W2-87,4
W2-88,4
W2-89,3
W2-90,4
W2-91,4
W2-92,4
W2-93,4
W2-94,4
W2-95,4
W2-96,4
W2-97,4
W2-98,4
W2-99,NA
W2-100,4
W2-101,4
W2-102,4
W2-103,4
W2-104,4
W2-105,4
W2-106,4
W2-107,4
W2-108,4
W2-109,4
W2-110,4
W2-111,4
W2-112,4
W2-113,4
W2-114,4
W2-115,4
W2-116,4
W2-117,4
W2-118,4
W2-119,4
W2-120,4
W2-121,4
W2-122,4
W2-123,4
W2-124,4
W2-125,4
W2-126,4
W2-127,4
W2-128,4
W2-129,4
W2-130,4
W2-131,4
W2-132,4
W2-133,4
W2-134,4
W2-135,4
W2-136,4
W2-137,4
W2-138,4
W2-139,4
W2-140,4
W2-141,4
W2-142,4
W2-143,4
W2-144,4
W2-145,4
W2-146,4
W2-147,4
W2-148,4
W2-149,NA
W2-150,4
W2-151,4
W2-152,4
W2-153,4
W2-154,4
W2-155,4
W2-156,4
W2-157,4
W2-158,2
W2-159,4
W2-160,4
W2-161,4
W2-162,4
W2-163,4
W2-164,4
W2-165,3
W2-166,4
W2-167,4
W2-168,2
W2-169,4
W2-170,4
W2-171,4
W2-172,4
W2-173,4
W2-174,4
W2-175,2
W2-176,4
W2-177,4
W2-178,4
W2-179,4
W2-180,4
W2-181,4
W2-182,1
W2-183,4
W2-184,4
W2-185,4
W2-186,2
W2-187,4
W2-188,4
W2-189,4
W2-190,4
W2-191,4
W2-192,4
W2-193,4
W2-194,4
W2-195,4
W2-196,4
W2-197,3
W2-198,4
W2-199,3
W2-200,4
W2-301,2
W2-302,2
W2-303,2
W2-304,2
W2-305,2
W2-306,2
W2-307,2
W2-308,2
W2-309,2
W2-310,2
W2-311,2
W2-312,4
W2-313,4
W2-314,1
W2-315,4
W2-316,2
W2-317,2
W2-318,2
W2-319,4
W2-320,4
W2-321,2
W2-322,2
W2-323,2
W2-324,2
W2-325,2
W2-326,2
W2-327,2
W2-328,2
W3-1,4
W3-2,2
W3-3,3
W3-4,4
W3-5,4
W3-6,4
W3-7,4
W3-8,4
W3-9,4
W3-10,4
W3-11,4
W3-12,4
W3-13,4
W3-14,NA
W3-15,4
W3-16,3
W3-17,4
W3-18,4
W3-19,4
W3-20,4
W3-21,4
W3-22,4
W3-23,4
W3-24,4
W3-25,4
W3-26,4
W3-27,4
W3-28,4
W3-29,4
W3-30,4
W3-31,4
W3-32,4
W3-33,2
W3-34,4
W3-35,2
W3-36,NA
W3-37,4
W3-38,4
W3-39,2
W3-40,4
W3-41,4
W3-42,4
W3-43,4
W3-44,4
W3-45,4
W3-46,4
W3-47,4
W3-48,4
W3-49,4
W3-50,3
W3-51,4
W3-52,4
W3-53,4
W3-54,4
W3-55,4
W3-56,4
W3-57,3
W3-58,4
W3-59,4
W3-60,3
W3-61,4
W3-62,4
W3-63,4
W3-64,4
W3-65,4
W3-66,4
W3-67,4
W3-68,4
W3-69,4
W3-70,4
W3-71,3
W3-72,4
W3-73,4
W3-74,4
W3-75,4
W3-76,3
W3-77,4
W3-78,4
W3-79,4
W3-80,4
W3-81,4
W3-82,3
W3-83,4
W3-84,2
W3-85,4
W3-86,4
W3-87,4
W3-88,3
W3-89,4
W3-90,4
W3-91,4
W3-92,4
W3-93,2
W3-94,4
W3-95,3
W3-96,3
W3-97,4
W3-98,4
W3-99,4
W3-100,4
W3-101,2
W3-102,4
W3-103,4
W3-104,4
W3-105,4
W3-106,4
W3-107,4
W3-108,3
W3-109,2
W3-110,4
W3-111,4
W3-112,4
W3-113,4
W3-114,4
W3-115,4
W3-116,4
W3-117,4
W3-118,4
W3-119,4
W3-120,4
W3-121,4
W3-122,4
W3-123,4
W3-124,4
W3-125,4
W3-126,4
W3-127,4
W3-128,4
W3-129,4
W3-130,4
W3-131,4
W3-132,4
W3-133,4
W3-134,3
W3-135,4
W3-136,4
W3-137,2
W3-138,4
W3-139,4
W3-140,4
W3-141,3
W3-142,4
W3-143,4
W3-144,4
W3-145,4
W3-146,4
W3-147,4
W3-148,4
W3-149,4
W3-150,4
W3-151,4
W3-152,4
W3-153,4
W3-154,4
W3-155,2
W3-156,3
W3-157,2
W3-158,4
W3-159,3
W3-160,4
W3-161,3
W3-162,4
W3-163,4
W3-164,4
W3-165,4
W3-166,4
W3-167,4
W3-168,4
W3-169,4
W3-170,4
W3-171,4
W3-172,4
W3-173,4
W3-174,4
W3-175,4
W3-176,4
W3-177,4
W3-178,4
W3-179,4
W3-180,4
W3-181,4
W3-182,4
W3-183,4
W3-184,4
W3-185,3
W3-186,4
W3-187,4
W3-188,4
W3-189,4
W3-190,4
W3-191,4
W3-192,2
W3-193,1
W3-194,4
W3-195,4
W3-196,4
W3-197,4
W3-198,4
W3-199,4
W3-200,2
W3-301,4
W3-302,2
W3-303,2
W3-304,2
W3-305,4
W3-306,2
W3-307,2
W3-308,1
W3-309,2
W3-310,4
W3-311,1
W3-312,2
W3-313,2
W3-314,4
W3-315,2
W3-316,2
W3-317,2
W3-318,2
W3-319,2
W3-320,2
W3-321,4
W3-322,2
W3-323,2
W3-324,2
W3-325,NA
W3-326,2
W3-327,2
W3-328,4
